"id","chat_id","user_message","corrected_message","ai_response","wrong_message","feedback","images","videos","links","created_at","updated_at"
1,1,"the primary purpose of crop production is to feed human and living being.","The primary purpose of crop production is to feed humans and living beings, providing essential nutrition and resources for survival.",NULL,NULL,"null","{}","{}","{}","2025-10-31 06:29:46.925","2025-10-31 06:29:46.925"
2,2,"Got it",NULL,"What are the main components involved in crop production?",NULL,"null","{}","{}","{}","2025-10-31 06:30:04.465","2025-10-31 06:30:04.465"
3,4,"The main components involved in crop production are land preparation, seed selection, sowing, crop care, pest and disease management, harvesting, and post-harvest handling.",NULL,"Great — correct!",NULL,"{""is_correct"": true, ""bubble_color"": ""green""}","{}","{}","{}","2025-10-31 06:31:24.4","2025-10-31 06:31:24.4"
4,4,"The main components involved in crop production are land preparation, seed selection, sowing, crop care, pest and disease management, harvesting, and post-harvest handling.","","Great — correct!",NULL,"{""is_correct"": true, ""bubble_color"": ""green""}","{}","{}","{}","2025-10-31 06:31:27.767","2025-10-31 06:31:27.767"
5,7,"soil prepartion is the technique to prepare before planting crops to enrich the quality.","Soil preparation is the technique used to prepare the land before planting crops to enrich its quality. This includes methods like tilling, adding organic matter, and removing weeds.",NULL,NULL,"null","{}","{}","{}","2025-10-31 06:39:19.101","2025-10-31 06:39:19.101"
6,8,"The purpose of sowing seeds in a fiield is to grow cros for food, fber, or other agricultural producs.","The purpose of sowing seeds in a field is to grow crops for food, fiber, or other agricultural products.",NULL,NULL,"null","{}","{}","{}","2025-10-31 08:38:13.11","2025-10-31 08:38:13.11"
7,9,"i dont know",NULL,"What is soil preparation?",NULL,"null","{}","{}","{}","2025-10-31 10:40:38.075","2025-10-31 10:40:38.075"
8,11,"to prepare soil for crops",NULL,"What are the main methods of soil preparation for crop cultivation?",NULL,"null","{}","{}","{}","2025-10-31 10:40:53.984","2025-10-31 10:40:53.984"
9,13,"A microorganism is a tiny living organism that is too big  to be seen with the naked eye","A microorganism is a tiny living organism that is too small to be seen with the naked eye.",NULL,NULL,"null","{}","{}","{}","2025-10-31 10:53:41.485","2025-10-31 10:53:41.485"
10,14,"to store water which can be later used for argiculture .","The importance of irrigation in crop production is to store water that can be later used for agriculture.",NULL,NULL,"null","{}","{}","{}","2025-10-31 11:01:06.128","2025-10-31 11:01:06.128"
11,15,"to store water",NULL,"<del>to store water</del> <ins>Irrigation is important in crop production because it provides a reliable water supply for plants, ensuring their growth and productivity.</ins>",NULL,"null","{}","{}","{}","2025-10-31 11:06:30.184","2025-10-31 11:06:30.184"
12,17,"to store water",NULL,"What is the purpose of irrigation in agriculture?",NULL,"null","{}","{}","{}","2025-10-31 11:10:29.872","2025-10-31 11:10:29.872"
13,19,"to store water",NULL,"What is the purpose of irrigation in agriculture?",NULL,"null","{}","{}","{}","2025-10-31 11:10:59.862","2025-10-31 11:10:59.862"
22,36,"Manurs are orgnic substanses like farmyad wast and compst that enrich soil fertlity naturrally.","Manures are organic substances like farmyard waste and compost that enrich soil fertility naturally.",NULL,NULL,"{""option_selected"": ""Got it""}","{}","{}","{}","2025-10-31 12:15:00.494","2025-10-31 12:15:00.494"
14,21,"tostore water","To store water is important for irrigation as it allows farmers to have a reliable supply during dry periods.",NULL,NULL,"{""option_selected"": ""Got it""}","{}","{}","{}","2025-10-31 11:11:27.59","2025-10-31 11:11:27.59"
15,23,"to store water",NULL,"What is the purpose of irrigation in agriculture?",NULL,"null","{}","{}","{}","2025-10-31 11:13:05.395","2025-10-31 11:13:05.395"
16,25,"corona virus,flu,hiv .",NULL,"What are some harmful effects of the coronavirus, flu, and HIV on human health?",NULL,"null","{}","{}","{}","2025-10-31 11:26:46.158","2025-10-31 11:26:46.158"
18,29,"corna virus and hiv and flu","The harmful microorganisms include the coronavirus, HIV, and the influenza virus, which can cause serious health issues.",NULL,NULL,"{""option_selected"": ""Got it""}","{}","{}","{}","2025-10-31 11:28:00.833","2025-10-31 11:28:00.833"
17,27,"they kill human and make them sick","Harmful microorganisms can cause diseases that may lead to serious health issues or even death in humans.",NULL,NULL,"{""option_selected"": ""Got it""}","{}","{}","{}","2025-10-31 11:27:23.13","2025-10-31 11:27:23.13"
19,31,"corona virus and flu fever","Coronaviruses and influenza viruses are harmful microorganisms that can cause fever and respiratory illness.",NULL,NULL,"{""option_selected"": ""Got it""}","{}","{}","{}","2025-10-31 11:28:37.208","2025-10-31 11:28:37.208"
23,37,"Got it",NULL,"What are the main types of manures used in agriculture?",NULL,"null","{}","{}","{}","2025-10-31 12:15:16.368","2025-10-31 12:15:16.368"
20,33,"Manurs are orgnic substanses like farmyad wast and compst that enrich soil fertlity naturrally.","Manures are organic substances like farmyard waste and compost that enrich soil fertility naturally.",NULL,NULL,"{""option_selected"": ""Got it""}","{}","{}","{}","2025-10-31 12:14:40.829","2025-10-31 12:14:40.829"
21,34,"Got it",NULL,"What are the main types of manures?",NULL,"null","{}","{}","{}","2025-10-31 12:14:48.927","2025-10-31 12:14:48.927"
25,40,"Explain",NULL,"What is manure?",NULL,"null","{}","{}","{}","2025-10-31 12:21:20.542","2025-10-31 12:21:20.542"
24,39,"Manurs are orgnic substanses like farmyad wast and compst that enrich soil fertlity naturrally","Manures are organic substances like farmyard waste and compost that enrich soil fertility naturally. They improve soil structure and provide essential nutrients for plants.",NULL,NULL,"{""option_selected"": ""Explain""}","{}","{}","{}","2025-10-31 12:21:08.895","2025-10-31 12:21:08.895"
26,42,"when the crops started to see well cultivated and dryed . that determint the crops can be cutted .","When the crops are well cultivated and dry, it indicates that they are ready to be cut. This is important because harvesting at the right time ensures the best quality of the crop.",NULL,NULL,"{""option_selected"": ""Got it""}","{}","{}","{}","2025-10-31 12:51:49.945","2025-10-31 12:51:49.945"
27,44,"when crops are dry and well cultivated that say that it can be cutted and harvestdd","When the crops are well cultivated and dry, it indicates that they are ready to be cut. This is important because harvesting at the right time ensures the best quality of the crop.",NULL,NULL,"{""option_selected"": ""Got it""}","{}","{}","{}","2025-10-31 12:53:17.856","2025-10-31 12:53:17.856"
28,46,"when it grows big and ready for cultiavtion","That's exactly right! Harvesting at the right time ensures the best quality of the crop, which is indicated when the crops are well cultivated and dry.",NULL,NULL,"{""option_selected"": ""Got it""}","{}","{}","{}","2025-10-31 12:53:54.291","2025-10-31 12:53:54.291"
54,115,"force is pull or push","That's exactly right! Force is a push or pull on an object.",NULL,NULL,"{""option_selected"": ""Explain""}","{}","{}","{}","2025-11-03 06:33:59.557","2025-11-03 06:33:59.557"
29,49,"the benfiacial organimsa is Rhizobiummm","The beneficial microorganism is Rhizobium. Rhizobium is a type of bacteria that helps in fixing nitrogen in the soil, which is essential for plant growth.",NULL,NULL,"{""option_selected"": ""Got it""}","{}","{}","{}","2025-10-31 13:10:47.637","2025-10-31 13:10:47.637"
30,51,"Rhizobium, Lactobasillus, Trichodurma, and Azotobactor are benifical microgrismz that help plents gro beter and helthy","Rhizobium, Lactobacillus, Trichoderma, and Azotobacter are beneficial microorganisms that help plants grow better and healthy.",NULL,NULL,"{""option_selected"": ""Got it""}","{}","{}","{}","2025-10-31 13:11:58.922","2025-10-31 13:11:58.922"
31,54,"Trichodurma is a benicqal organisma that protecs plents from root rot and helps them gro strong by fightin bad fungis in the soil","Trichoderma is a beneficial organism that protects plants from root rot and helps them grow strong by fighting bad fungi in the soil.",NULL,NULL,"{""option_selected"": ""Got it""}","{}","{}","{}","2025-10-31 13:12:57.238","2025-10-31 13:12:57.238"
37,68,"Some techniks for cultivatin benifical microorgnismz includ usin agar plates, liqwid broths, fermentors, and tempurature-controll'd incubators.","Some techniques for cultivating beneficial microorganisms include using agar plates, liquid broths, fermentors, and temperature-controlled incubators.",NULL,NULL,"{""option_selected"": ""Got it""}","{}","{}","{}","2025-10-31 13:18:48.892","2025-10-31 13:18:48.892"
32,57,"help human helth by boostin immunity, aidin digestion, makin medisin, and keepin gut happy","Beneficial microorganisms help human health by boosting immunity, aiding digestion, making medicine, and keeping the gut happy. They play a crucial role in maintaining overall well-being.",NULL,NULL,"{""option_selected"": ""Got it""}","{}","{}","{}","2025-10-31 13:14:02.576","2025-10-31 13:14:02.576"
33,59,"Benifical microorgnismz help human helth by improvin digeshun, makin medisin, and keepin gut bacterias in balanse","Beneficial microorganisms help human health by improving digestion, making medicine, and keeping gut bacteria in balance.",NULL,NULL,"{""option_selected"": ""Got it""}","{}","{}","{}","2025-10-31 13:15:26.855","2025-10-31 13:15:26.855"
42,79,"force is a push orpull on objectt","Force is a push or pull acting on an object. It can cause an object to move, stop, or change direction.",NULL,NULL,"{""option_selected"": ""Got it""}","{}","{}","{}","2025-10-31 14:21:56.109","2025-10-31 14:21:56.109"
34,61,"Benifical microorgnismz help in food produckshun by makin yogart, chees, bred, picklz, and tasty fermentid stuff","Beneficial microorganisms help in food production by making yogurt, cheese, bread, pickles, and tasty fermented foods.",NULL,NULL,"{""option_selected"": ""Got it""}","{}","{}","{}","2025-10-31 13:16:12.438","2025-10-31 13:16:12.438"
38,70,"Macro organisma like wormz, beez, and beetlz help food produckshun by pollinatin crops, improvin soil, and eatin pests","Beneficial organisms like worms, bees, and beetles help food production by pollinating crops, improving soil, and eating pests.",NULL,NULL,"{""option_selected"": ""Got it""}","{}","{}","{}","2025-10-31 13:19:39.983","2025-10-31 13:19:39.983"
35,63,"One way benifical organisma help in argiculut is by fixin nitrojen in soil so plents can gro bete","One way beneficial microorganisms help in agriculture is by fixing nitrogen in the soil so plants can grow better. This process enriches the soil and supports healthy plant development.",NULL,NULL,"{""option_selected"": ""Got it""}","{}","{}","{}","2025-10-31 13:17:05.617","2025-10-31 13:17:05.617"
36,65,"One methud for culyibaating Lactobasillus in lab is growin it on MRS agar at warm temprature to make yogart bugs","One method for cultivating Lactobacillus in the lab is growing it on MRS agar at warm temperature to make yogurt cultures.",NULL,NULL,"{""option_selected"": ""Got it""}","{}","{}","{}","2025-10-31 13:18:10.017","2025-10-31 13:18:10.017"
39,72,"i dont know",NULL,"What are some examples of beneficial microorganisms?",NULL,"null","{}","{}","{}","2025-10-31 13:20:13.952","2025-10-31 13:20:13.952"
40,74,"Macro organisma like wormz, beez, and beetlz help food produckshun by pollinatin crops, improvin soil, and eatin pests","Beneficial organisms like worms, bees, and beetles help food production by pollinating crops, improving soil, and eating pests. They play a crucial role in maintaining healthy ecosystems and supporting agriculture.",NULL,NULL,"{""option_selected"": ""Got it""}","{}","{}","{}","2025-10-31 13:20:53.974","2025-10-31 13:20:53.974"
41,77,"force is pull or push","Force is a push or pull acting on an object. It can cause an object to move, stop, or change direction.",NULL,NULL,"{""option_selected"": ""Got it""}","{}","{}","{}","2025-10-31 14:21:23.679","2025-10-31 14:21:23.679"
43,82,"si unit of force is newton.","The SI unit of force is Newton (N).",NULL,NULL,"{""option_selected"": ""Got it""}","{}","{}","{}","2025-10-31 14:23:40.206","2025-10-31 14:23:40.206"
47,92,"i dont know what is coomon weeds","Common weeds are plants that grow where they are not wanted and can compete with crops for resources. Examples include dandelions, crabgrass, and pigweed.",NULL,NULL,"{""option_selected"": ""Explain""}","{}","{}","{}","2025-11-03 05:59:20.307","2025-11-03 05:59:20.307"
44,85,"si unit of force newtonn","The SI unit of force is Newton (N).",NULL,NULL,"{""option_selected"": ""Got it""}","{}","{}","{}","2025-10-31 14:25:36.516","2025-10-31 14:25:36.516"
45,88,"i dont know",NULL,"What is the difference between contact forces and non-contact forces?",NULL,"null","{}","{}","{}","2025-10-31 14:26:04.344","2025-10-31 14:26:04.344"
46,90,"conctant for are thoose which is conneted of object","Contact forces are those which act on an object through direct physical interaction, like friction or tension.",NULL,NULL,"{""option_selected"": ""Explain""}","{}","{}","{}","2025-10-31 14:27:03.968","2025-10-31 14:27:03.968"
48,94,"i dont know",NULL,"What is a common disease caused by bacteria?",NULL,"null","{}","{}","{}","2025-11-03 06:13:40.302","2025-11-03 06:13:40.302"
49,96,"i dont know",NULL,"What is a common disease caused by bacteria?",NULL,"null","{}","{}","{}","2025-11-03 06:14:08.386","2025-11-03 06:14:08.386"
50,98,"fiver and all other which can lead to ill","Fever is a common symptom of many diseases, indicating the body is fighting an infection. Other diseases caused by microorganisms include flu, tuberculosis, and malaria.",NULL,NULL,"{""option_selected"": ""Explain""}","{}","{}","{}","2025-11-03 06:14:32.098","2025-11-03 06:14:32.098"
51,103,"i dont know",NULL,"What is gravitational force?",NULL,"null","{}","{}","{}","2025-11-03 06:21:29.938","2025-11-03 06:21:29.938"
52,105,"expalin the question",NULL,"What is gravitational force?",NULL,"null","{}","{}","{}","2025-11-03 06:21:45.203","2025-11-03 06:21:45.203"
53,107,"gravition force is that which pull object toward earth surfqace","Gravitational force is the force that pulls objects toward the Earth's surface. It's what keeps us grounded.",NULL,NULL,"{""option_selected"": ""Got it""}","{}","{}","{}","2025-11-03 06:22:22.02","2025-11-03 06:22:22.02"
55,121,"i dont know","Pressure is defined as the force applied per unit area. It is measured in units such as Pascals (Pa) or pounds per square inch (psi).",NULL,NULL,"{""option_selected"": ""Got it""}","{}","{}","{}","2025-11-03 06:36:27.186","2025-11-03 06:36:27.186"
66,162,"the process of formation of coal is called carbonaztion","That's almost right! The process of formation of coal is called carbonization. It involves the transformation of plant remains into coal over millions of years.",NULL,NULL,"{""option_selected"": ""Got it""}","{}","{}","{}","2025-11-03 06:59:33.816","2025-11-03 06:59:33.816"
56,123,"presure is defined as the force applied per unit area","That's exactly right! Pressure is defined as the force applied per unit area. It is measured in units such as Pascals (Pa) or pounds per square inch (psi).",NULL,NULL,"{""option_selected"": ""Explain""}","{}","{}","{}","2025-11-03 06:37:44.215","2025-11-03 06:37:44.215"
57,127,"got it",NULL,"Great! Let's continue.",NULL,"null","{}","{}","{}","2025-11-03 06:40:33.475","2025-11-03 06:40:33.475"
58,130,"force X mass is the formula","That's exactly right! Pressure is defined as the force applied per unit area. It is measured in units such as Pascals (Pa) or pounds per square inch (psi).",NULL,NULL,"{""option_selected"": ""Got it""}","{}","{}","{}","2025-11-03 06:41:24.094","2025-11-03 06:41:24.094"
59,133,"you have already asked this question",NULL,"What is the formula for calculating pressure?",NULL,"null","{}","{}","{}","2025-11-03 06:43:19.397","2025-11-03 06:43:19.397"
72,175,"Synthetic fiber is a man-made thread-like material created through chemical processes, ofte usng petroleum-based polymers","That's exactly right! Synthetic fiber is a man-made thread-like material created through chemical processes, often using petroleum-based polymers.",NULL,NULL,"{""option_selected"": ""Got it""}","{}","{}","{}","2025-11-03 08:07:40.55","2025-11-03 08:07:40.55"
67,164,"i dont know","Synthetic fibres are man-made materials created from chemical processes. They differ from natural fibres, which come from plants or animals.",NULL,NULL,"{""option_selected"": ""Got it""}","{}","{}","{}","2025-11-03 07:38:52.977","2025-11-03 07:38:52.977"
60,135,"i dont know can you expalin","That's exactly right! Pressure is defined as the force applied per unit area. It is measured in units such as Pascals (Pa) or pounds per square inch (psi).",NULL,NULL,"{""option_selected"": ""Explain""}","{}","{}","{}","2025-11-03 06:49:23.09","2025-11-03 06:49:23.09"
61,141,"got it.",NULL,"Great! Let's continue.",NULL,"null","{}","{}","{}","2025-11-03 06:49:48.842","2025-11-03 06:49:48.842"
62,144,"force is applied on surface rea","That's exactly right! Pressure is the force applied per unit area, and it is measured in units like Pascals (Pa) or pounds per square inch (psi).",NULL,NULL,"{""option_selected"": ""Got it""}","{}","{}","{}","2025-11-03 06:50:20.888","2025-11-03 06:50:20.888"
63,147,"carbon is used for caol formation.","That's almost right! Carbon is a key component in coal formation, which occurs from plant remains over millions of years.",NULL,NULL,"{""option_selected"": ""Got it""}","{}","{}","{}","2025-11-03 06:57:07.208","2025-11-03 06:57:07.208"
68,166,"synthectic fibres are man made materials created from chemical process",NULL,"That's exactly right! Great understanding!",NULL,"null","{}","{}","{}","2025-11-03 07:39:57.954","2025-11-03 07:39:57.954"
64,149,"i dont know","Coal is formed from the remains of plants that accumulated in swampy areas, undergoing heat and pressure over millions of years. This process transforms the plant material into coal through several stages.",NULL,NULL,"{""option_selected"": ""Explain""}","{}","{}","{}","2025-11-03 06:57:30.972","2025-11-03 06:57:30.972"
65,154,"i dont know","Coal is formed from plant remains through a process called carbonization over millions of years. This process involves heat and pressure transforming the plant material into coal.",NULL,NULL,"{""option_selected"": ""Explain""}","{}","{}","{}","2025-11-03 06:58:17.073","2025-11-03 06:58:17.073"
76,182,"the properties of non metals are they do not coundect eletricty .","That's exactly right! Non-metals typically do not conduct electricity well, which is a key property.",NULL,NULL,"null","{}","{}","{}","2025-11-03 08:54:12.61","2025-11-03 08:54:12.61"
69,169,"Got it",NULL,"What are some examples of synthetic fibres?",NULL,"null","{}","{}","{}","2025-11-03 07:40:06.756","2025-11-03 07:40:06.756"
70,171,"nylon, cotton",NULL,"What are the main differences between synthetic fibres and natural fibres?",NULL,"null","{}","{}","{}","2025-11-03 07:40:35.184","2025-11-03 07:40:35.184"
73,177,"Polyester is a synthetic fiber made from petroleum-based polymers, known for its durability, wrinkle resistans","Polyester is a synthetic fiber made from petroleum-based polymers, known for its durability and wrinkle resistance. It's commonly used in clothing and home textiles.",NULL,NULL,"{""option_selected"": ""Got it""}","{}","{}","{}","2025-11-03 08:08:45.729","2025-11-03 08:08:45.729"
71,173,"synthectic fibres are man made and natural fiber are natural made by environment","That's exactly right! Synthetic fibres are man-made materials created from chemical processes. They differ from natural fibres, which come from plants or animals.",NULL,NULL,"{""option_selected"": ""Got it""}","{}","{}","{}","2025-11-03 07:41:39.642","2025-11-03 07:41:39.642"
74,179,"carbon is non meta","That's exactly right! Carbon is indeed classified as a non-metal, which means it lacks metallic properties.",NULL,NULL,"null","{}","{}","{}","2025-11-03 08:53:15.46","2025-11-03 08:53:15.46"
75,180,"Got it, I understand. Let's move to the next topic.",NULL,"What are some common properties of non-metals?",NULL,"null","{}","{}","{}","2025-11-03 08:53:22.561","2025-11-03 08:53:22.561"
77,183,"Got it, I understand. Let's move to the next topic.",NULL,"What are some common properties of non-metals?",NULL,"null","{}","{}","{}","2025-11-03 08:54:27.775","2025-11-03 08:54:27.775"
78,185,"i dont know","Pressure is defined as the force applied per unit area. It is measured in units such as Pascals (Pa), atmospheres (atm), and pounds per square inch (psi).",NULL,NULL,"{""option_selected"": ""Got it""}","{}","{}","{}","2025-11-03 08:58:02.46","2025-11-03 08:58:02.46"
79,187,"force into area of the surface isthe formal to claute the pressure","That's exactly right! Pressure is defined as the force applied per unit area. It is measured in units such as Pascals (Pa), atmospheres (atm), and pounds per square inch (psi).",NULL,NULL,"{""option_selected"": ""Got it""}","{}","{}","{}","2025-11-03 08:58:42.238","2025-11-03 08:58:42.238"
80,190,"The main components of a hydraulic system include the reseroir, pump, valves, actuators, filtes, and pipes","The main components of a hydraulic system include the reservoir, pump, valves, actuators, filters, and pipes.",NULL,NULL,"{""option_selected"": ""Got it""}","{}","{}","{}","2025-11-03 09:00:03.564","2025-11-03 09:00:03.564"
81,193,"The main components of a hydraulic system include the reservoir, pump, valves, actuators, filters, and hoses/pipes","That's exactly right! The main components of a hydraulic system are the reservoir, pump, valves, actuators, filters, and hoses or pipes.",NULL,NULL,"{""option_selected"": ""Got it""}","{}","{}","{}","2025-11-03 09:00:45.182","2025-11-03 09:00:45.182"
97,244,"Aluminm is one of the most commonly used metals in everyday life","That's exactly right! Aluminum is indeed one of the most commonly used metals in everyday life. It's lightweight and resistant to corrosion, making it ideal for many applications like packaging, construction, and transportation.",NULL,NULL,"{""error_type"": ""Spelling"", ""is_correct"": false, ""bubble_color"": ""red"", ""score_percent"": 0, ""option_selected"": ""Got it""}","{}","{}","{}","2025-11-03 12:19:33.633","2025-11-03 12:19:33.633"
82,196,"i dont know","Friction is a force that opposes motion between two surfaces. It acts in the opposite direction of the movement, slowing things down.",NULL,NULL,"{""option_selected"": ""Got it""}","{}","{}","{}","2025-11-03 09:07:18.039","2025-11-03 09:07:18.039"
94,230,"the main component of cell memrance is nucleus","The main components of the cell membrane are phospholipids, proteins, and carbohydrates. The nucleus is not a component of the cell membrane.",NULL,NULL,"{""error_type"": ""Conceptual"", ""is_correct"": false, ""bubble_color"": ""red"", ""score_percent"": 30, ""option_selected"": ""Got it""}","{}","{}","{}","2025-11-03 09:40:42.38","2025-11-03 09:40:42.38"
83,198,"surface friction and contact friction","That's exactly right! Friction is a force that opposes motion between two surfaces. It acts in the opposite direction of movement, slowing things down.",NULL,NULL,"{""option_selected"": ""Got it""}","{}","{}","{}","2025-11-03 09:07:44.781","2025-11-03 09:07:44.781"
90,221,"i dont know","The cell membrane is a protective barrier that controls what enters and exits the cell. It helps maintain the cell's internal environment.",NULL,NULL,"{""error_type"": ""No Answer Provided"", ""is_correct"": false, ""bubble_color"": ""red"", ""score_percent"": 0, ""option_selected"": ""Got it""}","{}","{}","{}","2025-11-03 09:27:13.029","2025-11-03 09:27:13.029"
84,201,"The three main types of friction are static friction, sliding (kitic) friction, and rolling frictin","That's exactly right! The three main types of friction are static friction, kinetic friction, and rolling friction.",NULL,NULL,"{""option_selected"": ""Explain""}","{}","{}","{}","2025-11-03 09:08:51.419","2025-11-03 09:08:51.419"
85,207,"i dont know","A cell is the basic unit of life that makes up all living organisms. Cells perform essential functions that sustain life.",NULL,NULL,"{""option_selected"": ""Got it""}","{}","{}","{}","2025-11-03 09:11:55.008","2025-11-03 09:11:55.008"
86,209,"the function of cell membrane is to protect the cell andd decide what enters and exists.","The function of the cell membrane is to protect the cell and decide what enters and exits.",NULL,NULL,"{""option_selected"": ""Explain""}","{}","{}","{}","2025-11-03 09:13:09.103","2025-11-03 09:13:09.103"
87,214,"proteins and carbohydrates",NULL,"What are the main components of a cell?",NULL,"null","{}","{}","{}","2025-11-03 09:15:03.363","2025-11-03 09:15:03.363"
91,223,"the cell memebrane controlss what enters and exis tthe cell","The cell membrane controls what enters and exits the cell. It acts as a barrier and regulates the movement of substances.",NULL,NULL,"{""option_selected"": ""Got it""}","{}","{}","{}","2025-11-03 09:27:53.112","2025-11-03 09:27:53.112"
88,216,"The organelle that contains a cell's genetic material is the nucleus.","That's exactly right! The nucleus is the organelle that contains a cell's genetic material.",NULL,NULL,"{""is_correct"": true, ""bubble_color"": ""green"", ""score_percent"": 100, ""option_selected"": ""Got it""}","{}","{}","{}","2025-11-03 09:26:14.247","2025-11-03 09:26:14.247"
96,235,"The structure of the cell membrane is a flexible, semi-permeable barrier made primarily of a phospholipid bilayer with embedded proteins, cholesterol, and carbohydrates","That's exactly right! The main components of the cell membrane are phospholipids, proteins, and carbohydrates. The nucleus is not part of the cell membrane.",NULL,NULL,"{""option_selected"": ""Explain""}","{}","{}","{}","2025-11-03 09:41:56.286","2025-11-03 09:41:56.286"
92,225,"the cell membrance controll what to enter and exist , it act as gateway.","The cell membrane controls what enters and exits the cell; it acts as a gateway.",NULL,NULL,"{""option_selected"": ""Got it""}","{}","{}","{}","2025-11-03 09:28:48.566","2025-11-03 09:28:48.566"
89,219,"it is power hosue of cell, it playa vital role as power house.","That's exactly right! The mitochondria are the powerhouse of the cell, playing a vital role in energy production.",NULL,NULL,"{""error_type"": ""Spelling, Grammar"", ""is_correct"": false, ""bubble_color"": ""red"", ""score_percent"": 0, ""option_selected"": ""Got it""}","{}","{}","{}","2025-11-03 09:26:50.117","2025-11-03 09:26:50.117"
95,232,"The structure of the cell membrane is a flexible, semi-permeable barrier made primarily of a phospholipid bilayer with embedded proteins, cholesterol, and carbohydrates","That's exactly right! The main components of the cell membrane are phospholipids, proteins, and carbohydrates. The nucleus is not part of the cell membrane.",NULL,NULL,"{""is_correct"": true, ""bubble_color"": ""green"", ""score_percent"": 100, ""option_selected"": ""Got it""}","{}","{}","{}","2025-11-03 09:41:37.773","2025-11-03 09:41:37.773"
93,227,"The primary function of the cell membrane is to control what enters and exits the cell, maintaining a stable internal environment.","That's exactly right! The cell membrane regulates what enters and exits the cell, helping to maintain homeostasis.",NULL,NULL,"{""is_correct"": true, ""bubble_color"": ""green"", ""score_percent"": 100, ""option_selected"": ""Got it""}","{}","{}","{}","2025-11-03 09:40:03.741","2025-11-03 09:40:03.741"
99,248,"Metals are essential in nearly every industrial sector, serving roles from structural support to electrical conduction and precision manufacturing. Their unique properties—like strength",NULL,"What are some specific examples of metals used in the automotive industry?",NULL,"null","{}","{}","{}","2025-11-03 12:21:35.033","2025-11-03 12:21:35.033"
98,246,"Steel plays a foundational role in the construction industry due to its exceptional strenth, flexibility, and durability. It’s the backbome of modern infrastructure, from skyscrapers to bridges.",NULL,"What are some specific uses of metals in the automotive industry?",NULL,"null","{}","{}","{}","2025-11-03 12:20:36.265","2025-11-03 12:20:36.265"
100,250,"Oxcygen is a common non-metal used in both dailly life and industt","That's exactly right! Oxygen is a common non-metal used in daily life and industry, such as in respiration and water purification.",NULL,NULL,"{""error_type"": ""Spelling"", ""is_correct"": false, ""bubble_color"": ""red"", ""score_percent"": 70, ""option_selected"": ""Got it""}","{}","{}","{}","2025-11-03 12:31:24.593","2025-11-03 12:31:24.593"
101,252,"it is usedas fertilizer inargiculture","That's exactly right! Non-metals like nitrogen are used as fertilizers in agriculture to enhance plant growth.",NULL,NULL,"{""error_type"": ""Spelling and Grammar"", ""is_correct"": false, ""bubble_color"": ""red"", ""score_percent"": 0, ""option_selected"": ""Explain""}","{}","{}","{}","2025-11-03 12:32:30.82","2025-11-03 12:32:30.82"
118,292,"Bituminous coal is a black, hard coal with high carbon content and calorific value, burning with a smoky flame and used widely for powr ad indusrial purposes.","That's exactly right! Bituminous coal is a black, hard coal with high carbon content and calorific value. It burns with a smoky flame and is widely used for power and industrial purposes.",NULL,NULL,"{""is_correct"": true, ""bubble_color"": ""green"", ""score_percent"": 100, ""option_selected"": ""Got it""}","{}","{}","{}","2025-11-03 15:38:00.754","2025-11-03 15:38:00.754"
102,257,"i dont know","Non-metals can have negative effects on the environment, such as pollution from chemicals like sulfur dioxide and nitrogen oxides. These can lead to acid rain and air quality issues.",NULL,NULL,"{""error_type"": ""No Answer Provided"", ""is_correct"": false, ""bubble_color"": ""red"", ""score_percent"": 0, ""option_selected"": ""Got it""}","{}","{}","{}","2025-11-03 12:33:07.872","2025-11-03 12:33:07.872"
103,259,"One major environmental impact of using non-metals like phosphorus in agriculture is water pollution through eutrophication",NULL,"What are some proper disposal methods for non-metals to prevent environmental harm?",NULL,"null","{}","{}","{}","2025-11-03 12:34:30.699","2025-11-03 12:34:30.699"
104,261,"thseinclude recycling,compositing",NULL,"What are the proper disposal methods for non-metals to prevent environmental harm?",NULL,"null","{}","{}","{}","2025-11-03 12:35:54.002","2025-11-03 12:35:54.002"
105,263,"iron and copper",NULL,"What are some common characteristics of metals like iron and copper?",NULL,"null","{}","{}","{}","2025-11-03 12:48:21.378","2025-11-03 12:48:21.378"
119,294,"Coal formation mainly involves the **gradual transformation of buried plant remains into carbon-rich fuel under heat, pressure, and long geological time**.","That's exactly right! Coal formation involves the gradual transformation of buried plant remains into carbon-rich fuel through heat, pressure, and long geological time.",NULL,NULL,"{""is_correct"": true, ""bubble_color"": ""green"", ""score_percent"": 100, ""option_selected"": ""Explain""}","{}","{}","{}","2025-11-03 15:39:16.751","2025-11-03 15:39:16.751"
109,272,"it agin electton during chameical reactiona and have covalent bond.","That's exactly right! Metals can gain electrons during chemical reactions and form covalent bonds with non-metals.",NULL,NULL,"{""error_type"": ""Spelling and Grammar"", ""is_correct"": false, ""bubble_color"": ""red"", ""score_percent"": 0, ""option_selected"": ""Got it""}","{}","{}","{}","2025-11-03 12:52:01.232","2025-11-03 12:52:01.232"
106,265,"Metals are typically hard, shiny, malleable, ductie, and excellnt conductors of heat and electricitu","That's exactly right! Metals are indeed hard, shiny, malleable, ductile, and excellent conductors of heat and electricity.",NULL,NULL,"{""error_type"": ""Spelling"", ""is_correct"": false, ""bubble_color"": ""red"", ""score_percent"": 70, ""option_selected"": ""Got it""}","{}","{}","{}","2025-11-03 12:49:21.57","2025-11-03 12:49:21.57"
115,285,"the first type of coal formed from colification is peat","That's correct! The first type of coal formed from coalification is peat. Peat is an accumulation of decayed plant material.",NULL,NULL,"{""error_type"": ""Spelling"", ""is_correct"": false, ""bubble_color"": ""red"", ""score_percent"": 80, ""option_selected"": ""Got it""}","{}","{}","{}","2025-11-03 15:35:32.696","2025-11-03 15:35:32.696"
107,267,"ironn and copper","Iron and copper are both metals with distinct properties. Iron is strong and magnetic, while copper is known for its excellent conductivity.",NULL,NULL,"{""error_type"": ""Spelling"", ""is_correct"": false, ""bubble_color"": ""red"", ""score_percent"": 0, ""option_selected"": ""Got it""}","{}","{}","{}","2025-11-03 12:49:48.845","2025-11-03 12:49:48.845"
110,275,"carbon,not conductiing eletricity.","Carbon is a non-metal and does not conduct electricity well. Unlike metals, carbon's structure does not allow for free movement of electrons, which is necessary for conductivity.",NULL,NULL,"{""option_selected"": ""Got it""}","{}","{}","{}","2025-11-03 12:53:12.27","2025-11-03 12:53:12.27"
108,269,"Metals have a shiny apearance due to their ability to refect light. Think of polishd silver or chrome.","Metals have a shiny appearance due to their ability to reflect light. Think of polished silver or chrome. That's exactly right! Great understanding!",NULL,NULL,"{""is_correct"": true, ""bubble_color"": ""green"", ""score_percent"": 100, ""option_selected"": ""Got it""}","{}","{}","{}","2025-11-03 12:50:37.563","2025-11-03 12:50:37.563"
117,290,"Lignite is a soft, brownish coal with high moisture, low carbon content, and low heating value, mainly used for power generation.","That's exactly right! Lignite is indeed a soft, brownish coal with high moisture and low carbon content, primarily used for power generation.",NULL,NULL,"{""is_correct"": true, ""bubble_color"": ""green"", ""score_percent"": 100, ""option_selected"": ""Got it""}","{}","{}","{}","2025-11-03 15:37:12.171","2025-11-03 15:37:12.171"
111,277,"it iss golld and copper","That's almost correct! The metals in the reactivity series include gold and copper, but they are less reactive compared to others like sodium and potassium.",NULL,NULL,"{""error_type"": ""Grammar"", ""is_correct"": false, ""bubble_color"": ""red"", ""score_percent"": 0, ""option_selected"": ""Got it""}","{}","{}","{}","2025-11-03 13:01:05.961","2025-11-03 13:01:05.961"
112,279,"the more reactie than iron is zinc and magenisum",NULL,"The metals that are more reactive than iron include zinc and magnesium. However, be careful with spelling!",NULL,"null","{}","{}","{}","2025-11-03 13:02:16.998","2025-11-03 13:02:16.998"
113,281,"ok got it",NULL,"What is the most reactive metal in the reactivity series?",NULL,"null","{}","{}","{}","2025-11-03 13:04:14.866","2025-11-03 13:04:14.866"
114,283,"potassiumis",NULL,"What is the position of potassium in the reactivity series?",NULL,"null","{}","{}","{}","2025-11-03 13:05:04.911","2025-11-03 13:05:04.911"
116,288,"When peat gets buried and compressed over time, it turns into lignite. It has more carbon and less moisture than peat","That's exactly right! When peat is buried and compressed, it transforms into lignite, which contains more carbon and less moisture than peat.",NULL,NULL,"{""is_correct"": true, ""bubble_color"": ""green"", ""score_percent"": 100, ""option_selected"": ""Got it""}","{}","{}","{}","2025-11-03 15:36:11.039","2025-11-03 15:36:11.039"
211,549,"i dont know","That's okay! Thunderstorms can cause flooding, strong winds, and lightning strikes. They can also lead to property damage and affect ecosystems.",NULL,NULL,"{""option_selected"": ""Got it""}","{}","{}","{}","2025-11-06 10:31:50.615","2025-11-06 10:31:50.615"
120,299,"Lignite is a soft, brownish coal with high moisture, low carbon content, and low heating value, mainly used for power generation.","That's exactly right! Lignite is a soft, brownish coal with high moisture, low carbon content, and low heating value, mainly used for power generation.",NULL,NULL,"{""is_correct"": true, ""bubble_color"": ""green"", ""score_percent"": 100, ""option_selected"": ""Got it""}","{}","{}","{}","2025-11-03 15:39:55.332","2025-11-03 15:39:55.332"
133,332,"when oxygen is less it cause incomplete combustion and soot is formed","When oxygen is limited, it causes incomplete combustion, resulting in the formation of soot and carbon monoxide instead of carbon dioxide.",NULL,NULL,"{""error_type"": ""Grammar"", ""is_correct"": false, ""bubble_color"": ""red"", ""score_percent"": 0, ""option_selected"": ""Got it""}","{}","{}","{}","2025-11-04 07:02:32.556","2025-11-04 07:02:32.556"
121,301,"i dont know","Anthracite coal has the highest carbon content and energy content among coal types. It burns cleanly and is used for heating and electricity generation.",NULL,NULL,"{""error_type"": ""No Answer Provided"", ""is_correct"": false, ""bubble_color"": ""red"", ""score_percent"": 0, ""option_selected"": ""Got it""}","{}","{}","{}","2025-11-03 15:40:26.606","2025-11-03 15:40:26.606"
126,313,"oxyengen is involed as keyy elemeents","Oxygen is indeed a key element in combustion, reacting with fuel to produce energy.",NULL,NULL,"{""error_type"": ""Spelling and Grammar"", ""is_correct"": false, ""bubble_color"": ""red"", ""score_percent"": 0, ""option_selected"": ""Explain""}","{}","{}","{}","2025-11-04 06:56:30.793","2025-11-04 06:56:30.793"
122,304,"Peat coal is mainly used as a **fuel for heating and electricity generation**, and sometimes as a **soil conditioner in agriculture and gardening**.","Peat coal is mainly used as a fuel for heating, electricity generation, and as a soil conditioner in agriculture and gardening. It has various applications due to its properties.",NULL,NULL,"{""error_type"": ""Conceptual"", ""is_correct"": false, ""bubble_color"": ""red"", ""score_percent"": 0, ""option_selected"": ""Got it""}","{}","{}","{}","2025-11-03 15:41:04.873","2025-11-03 15:41:04.873"
130,325,"i dont know","Combustion can be classified into two main types: complete and incomplete combustion. Complete combustion occurs with sufficient oxygen, producing carbon dioxide, while incomplete combustion occurs with limited oxygen, producing carbon monoxide and soot.",NULL,NULL,"{""error_type"": ""No Answer Provided"", ""is_correct"": false, ""bubble_color"": ""red"", ""score_percent"": 0, ""option_selected"": ""Got it""}","{}","{}","{}","2025-11-04 07:00:46.327","2025-11-04 07:00:46.327"
123,307,"Lignite coal is mainly used for **electricity generation in thermal power plants** and sometimes for producing **synthetic natural gas and fertilizers**.","That's exactly right! Lignite coal is primarily used for electricity generation in thermal power plants and can also be used to produce synthetic natural gas and fertilizers.",NULL,NULL,"{""is_correct"": true, ""bubble_color"": ""green"", ""score_percent"": 100, ""option_selected"": ""Got it""}","{}","{}","{}","2025-11-03 15:41:57.362","2025-11-03 15:41:57.362"
124,309,"Got it",NULL,"What are two metals that are more reactive than iron?",NULL,"null","{}","{}","{}","2025-11-04 06:54:05.511","2025-11-04 06:54:05.511"
127,319,"main product in ideal conditions is carbon dioxide (CO₂) — but if oxygen is low, carbon monoxide (CO) and soot can form instead","That's exactly right! In ideal conditions, combustion produces carbon dioxide (CO₂). If oxygen is limited, carbon monoxide (CO) and soot can form instead.",NULL,NULL,"{""is_correct"": true, ""bubble_color"": ""green"", ""score_percent"": 100, ""option_selected"": ""Got it""}","{}","{}","{}","2025-11-04 06:58:10.643","2025-11-04 06:58:10.643"
125,311,"A chemical reaction where a substance (usually fuel) reacts with oxygen to release heat and light — often producing flames","That's exactly right! Combustion is a chemical reaction where a fuel reacts with oxygen, producing heat and light, often seen as flames.",NULL,NULL,"{""is_correct"": true, ""bubble_color"": ""green"", ""score_percent"": 100, ""option_selected"": ""Got it""}","{}","{}","{}","2025-11-04 06:55:16.986","2025-11-04 06:55:16.986"
128,321,"incomplete combustion and complete combustion",NULL,"What is the difference between incomplete combustion and complete combustion?",NULL,"null","{}","{}","{}","2025-11-04 06:58:51.211","2025-11-04 06:58:51.211"
131,328,"Common fuels used in combustion include wood, coal, petrol, diesel, natural gas, LPG, and biofuels. These can be solid, liquid, or gaseous, depending on the application and availability.",NULL,"What are the products of incomplete combustion?",NULL,"null","{}","{}","{}","2025-11-04 07:01:51.935","2025-11-04 07:01:51.935"
129,323,"the diffrence is when oxyen is less it is considerd as incomplete and when oxyegn is at same level as nedded it is complete comustion","The difference is that when oxygen is limited, it is considered incomplete combustion. When oxygen is at the required level, it is complete combustion.",NULL,NULL,"{""error_type"": ""Spelling, Grammar, Conceptual"", ""is_correct"": false, ""bubble_color"": ""red"", ""score_percent"": 0, ""option_selected"": ""Got it""}","{}","{}","{}","2025-11-04 07:00:13.294","2025-11-04 07:00:13.294"
132,330,"soot",NULL,"What is soot and how is it formed during combustion?",NULL,"null","{}","{}","{}","2025-11-04 07:02:01.932","2025-11-04 07:02:01.932"
134,335,"Combustion is essential in everyday life because it powers transportation, heats homes, cooks food, and drives industrial processes — all by converting fuel into usable energy",NULL,"What are some common fuels used in combustion?",NULL,"null","{}","{}","{}","2025-11-04 07:03:40.22","2025-11-04 07:03:40.22"
137,342,"i dont know","There are three main types of flames: luminous, non-luminous, and diffusion flames. Luminous flames produce light, while non-luminous flames do not, and diffusion flames occur when fuel and oxidizer mix in the air.",NULL,NULL,"{""error_type"": ""No Answer Provided"", ""is_correct"": false, ""bubble_color"": ""red"", ""score_percent"": 0, ""option_selected"": ""Got it""}","{}","{}","{}","2025-11-04 07:37:00.225","2025-11-04 07:37:00.225"
135,337,"coal, natural gas .",NULL,"What are some common fuels used in combustion?",NULL,"null","{}","{}","{}","2025-11-04 07:04:01.873","2025-11-04 07:04:01.873"
138,345,"A “luminous flame” is a bright, visible flame that glows yellow or orange due to incomplete combustion","That's exactly right! A luminous flame is a bright, visible flame that glows yellow or orange due to incomplete combustion of fuel.",NULL,NULL,"{""is_correct"": true, ""bubble_color"": ""green"", ""score_percent"": 100, ""option_selected"": ""Got it""}","{}","{}","{}","2025-11-04 07:38:07.379","2025-11-04 07:38:07.379"
136,339,"blue flame and yellow flame are 2 types of flames.","That's correct! Blue flame and yellow flame are indeed two types of flames.",NULL,NULL,"{""error_type"": ""Grammar"", ""is_correct"": false, ""bubble_color"": ""red"", ""score_percent"": 70, ""option_selected"": ""Got it""}","{}","{}","{}","2025-11-04 07:36:36.027","2025-11-04 07:36:36.027"
139,348,"A luminous flame is a bright yellow flame caused by incomplete combustion and glowing soot particles.","That's exactly right! A luminous flame is a bright yellow flame caused by incomplete combustion, producing glowing soot particles.",NULL,NULL,"{""is_correct"": true, ""bubble_color"": ""green"", ""score_percent"": 100, ""option_selected"": ""Got it""}","{}","{}","{}","2025-11-04 07:39:07.502","2025-11-04 07:39:07.502"
145,365,"i dont know","Sexual reproduction involves the combination of genetic material from two parents, while asexual reproduction involves a single parent. This leads to genetic diversity in sexual reproduction and identical offspring in asexual reproduction.",NULL,NULL,"{""error_type"": ""No Answer Provided"", ""is_correct"": false, ""bubble_color"": ""red"", ""score_percent"": 0, ""option_selected"": ""Got it""}","{}","{}","{}","2025-11-04 08:56:41.282","2025-11-04 08:56:41.282"
140,351,"A non-luminous flame is a blue, nearly invisible flame that burns cleanly with complete combustion.","That's exactly right! A non-luminous flame is blue and burns cleanly with complete combustion, producing less soot.",NULL,NULL,"{""is_correct"": true, ""bubble_color"": ""green"", ""score_percent"": 100, ""option_selected"": ""Got it""}","{}","{}","{}","2025-11-04 07:39:44.303","2025-11-04 07:39:44.303"
146,368,"sexual and asexual",NULL,"What are the main differences between sexual and asexual reproduction?",NULL,"null","{}","{}","{}","2025-11-04 08:57:14.898","2025-11-04 08:57:14.898"
141,354,"i dont know","A non-luminous flame is a flame that does not produce light and is typically blue in color. It occurs during complete combustion, where fuel burns efficiently with enough oxygen.",NULL,NULL,"{""error_type"": ""No Answer Provided"", ""is_correct"": false, ""bubble_color"": ""red"", ""score_percent"": 0, ""option_selected"": ""Got it""}","{}","{}","{}","2025-11-04 07:40:03.142","2025-11-04 07:40:03.142"
142,357,"coal,natural gas",NULL,"What are some factors that affect the formation of a non-luminous flame?",NULL,"null","{}","{}","{}","2025-11-04 07:40:30.318","2025-11-04 07:40:30.318"
154,392,"Giant stars are evolved stars with much larger size and brightness than main sequence stars, which are still fusing hydrogen in their cores.","That's exactly right! Giant stars are indeed larger and brighter than main sequence stars, which are still undergoing hydrogen fusion in their cores.",NULL,NULL,"{""is_correct"": true, ""bubble_color"": ""green"", ""score_percent"": 100, ""option_selected"": ""Got it""}","{}","{}","{}","2025-11-04 09:10:10.786","2025-11-04 09:10:10.786"
149,379,"Stars are giant, glowing balls of hot gas that sine by burning hydrogen into helum through nuclear fusin.","Stars are giant, glowing balls of hot gas that shine by burning hydrogen into helium through nuclear fusion. This process releases a tremendous amount of energy, which is why stars are so bright.",NULL,NULL,"{""error_type"": ""Spelling"", ""is_correct"": false, ""bubble_color"": ""red"", ""score_percent"": 0, ""option_selected"": ""Got it""}","{}","{}","{}","2025-11-04 09:02:08.583","2025-11-04 09:02:08.583"
143,359,"Reproduction in animals is the biolgical process by wich new inividual orrganisms are produced to continue the spcies.","That's exactly right! Reproduction in animals is the biological process by which new individual organisms are produced to continue the species.",NULL,NULL,"{""error_type"": ""Spelling"", ""is_correct"": false, ""bubble_color"": ""red"", ""score_percent"": 70, ""option_selected"": ""Got it""}","{}","{}","{}","2025-11-04 08:54:48.584","2025-11-04 08:54:48.584"
147,370,"idont know.","Sexual reproduction involves the combination of genetic material from two parents, while asexual reproduction involves a single parent. This leads to genetic diversity in sexual reproduction and identical offspring in asexual reproduction.",NULL,NULL,"{""error_type"": ""No Answer Provided"", ""is_correct"": false, ""bubble_color"": ""red"", ""score_percent"": 0, ""option_selected"": ""Explain""}","{}","{}","{}","2025-11-04 08:57:34.884","2025-11-04 08:57:34.884"
144,362,"Animals reproduce in two main ways: sexually with gametes and asexually without gametes.","Animals reproduce in two main ways: sexually, involving gametes, and asexually, without gametes. Sexual reproduction combines genetic material from two parents, while asexual reproduction creates offspring from a single parent.",NULL,NULL,"{""error_type"": ""Grammar"", ""is_correct"": false, ""bubble_color"": ""red"", ""score_percent"": 70, ""option_selected"": ""Got it""}","{}","{}","{}","2025-11-04 08:56:12.115","2025-11-04 08:56:12.115"
151,383,"The main stages in a star’s life cycle are: nebula, protstar, main seqence, red giant or supergiat","The main stages in a star’s life cycle are: nebula, protostar, main sequence, red giant, and supergiant. Great job identifying the stages!",NULL,NULL,"{""error_type"": ""Spelling"", ""is_correct"": false, ""bubble_color"": ""red"", ""score_percent"": 0, ""option_selected"": ""Got it""}","{}","{}","{}","2025-11-04 09:03:37.239","2025-11-04 09:03:37.239"
148,376,"A star is a massive, luminous ball of hot gas—mostly hydrogen and helium—held together by gravity and powered by nuclear fusion","That's exactly right! A star is indeed a massive, luminous ball of hot gas, primarily hydrogen and helium, held together by gravity and powered by nuclear fusion.",NULL,NULL,"{""is_correct"": true, ""bubble_color"": ""green"", ""score_percent"": 100, ""option_selected"": ""Got it""}","{}","{}","{}","2025-11-04 09:01:10.533","2025-11-04 09:01:10.533"
152,385,"The main stages in a star’s life cycle are: nebula, protostar, main sequence, red giant or supergiant,",NULL,"The last stage of a star's life cycle is called what?",NULL,"null","{}","{}","{}","2025-11-04 09:03:53.877","2025-11-04 09:03:53.877"
150,381,"i dont know","Stars form from clouds of gas and dust in space, called nebulae. These clouds collapse under their own gravity, leading to the formation of a star.",NULL,NULL,"{""error_type"": ""No Answer Provided"", ""is_correct"": false, ""bubble_color"": ""red"", ""score_percent"": 0, ""option_selected"": ""Got it""}","{}","{}","{}","2025-11-04 09:02:31.236","2025-11-04 09:02:31.236"
153,387,"i dont know","There are different types of stars, including main sequence, giants, and dwarfs. Main sequence stars are the most common and include our Sun.",NULL,NULL,"{""error_type"": ""No Answer Provided"", ""is_correct"": false, ""bubble_color"": ""red"", ""score_percent"": 0, ""option_selected"": ""Explain""}","{}","{}","{}","2025-11-04 09:09:12.819","2025-11-04 09:09:12.819"
155,394,"The main characteristic of main sequence stars is that they generate energy by fusing hydrogen into helium in their ciores, maintaning a stble balance betwen gravity and pressure","That's exactly right! Main sequence stars generate energy by fusing hydrogen into helium in their cores, maintaining a stable balance between gravity and pressure.",NULL,NULL,"{""error_type"": ""Spelling and Grammar"", ""is_correct"": false, ""bubble_color"": ""red"", ""score_percent"": 0, ""option_selected"": ""Got it""}","{}","{}","{}","2025-11-04 09:11:12.887","2025-11-04 09:11:12.887"
166,422,"Light is considered both a wave and a particle in nature—a concept known as wave-particle duality.",NULL,"What are some key properties of light as an electromagnetic wave?",NULL,"null","{}","{}","{}","2025-11-04 09:34:00.102","2025-11-04 09:34:00.102"
156,396,"The main characteristic of main sequence stars is that they generate energy by fusing hydrogen into helium in their cores, maintaining a stable balance between gravity and pressure.","That's exactly right! Main sequence stars generate energy by fusing hydrogen into helium in their cores, maintaining a stable balance between gravity and pressure.",NULL,NULL,"{""is_correct"": true, ""bubble_color"": ""green"", ""score_percent"": 100, ""option_selected"": ""Got it""}","{}","{}","{}","2025-11-04 09:11:34.468","2025-11-04 09:11:34.468"
161,411,"i dont know","Giant stars are larger and brighter than main sequence stars, while dwarf stars are smaller and dimmer. Giants can be hundreds of times larger than the Sun, while dwarfs are often similar in size to Earth.",NULL,NULL,"{""option_selected"": ""Got it""}","{}","{}","{}","2025-11-04 09:15:41.779","2025-11-04 09:15:41.779"
157,398,"The Hertzsprung–Russeil (H–R) diagram is used to classfy stars based on their luminoosity, temperature, and evoluionary stage, helping astronmers understand stellar life cycle","The Hertzsprung–Russell (H–R) diagram is used to classify stars based on their luminosity, temperature, and evolutionary stage. It helps astronomers understand the stellar life cycle.",NULL,NULL,"{""error_type"": ""Spelling"", ""is_correct"": false, ""bubble_color"": ""red"", ""score_percent"": 0, ""option_selected"": ""Got it""}","{}","{}","{}","2025-11-04 09:12:51.627","2025-11-04 09:12:51.627"
171,436,"earth ,venus,mars,jupiter,saturn,uranus,neptune,mercury ,","That's exactly right! You've named all the planets in the solar system: Earth, Venus, Mars, Jupiter, Saturn, Uranus, Neptune, and Mercury.",NULL,NULL,"{""is_correct"": true, ""bubble_color"": ""green"", ""score_percent"": 100, ""option_selected"": ""Explain""}","{}","{}","{}","2025-11-06 08:25:02.724","2025-11-06 08:25:02.724"
158,400,"The higher a star’s surface temperature, the greater its luminosity—hotter stars shine more brightly.","That's exactly right! Hotter stars indeed shine more brightly and have greater luminosity.",NULL,NULL,"{""is_correct"": true, ""bubble_color"": ""green"", ""score_percent"": 100, ""option_selected"": ""Got it""}","{}","{}","{}","2025-11-04 09:13:43.417","2025-11-04 09:13:43.417"
162,414,"A constellation is a group of stars that forms a recognizable pattern in the night sky, often named after mythological figures, animals, or objects","That's exactly right! A constellation is indeed a group of stars forming a recognizable pattern, often named after mythological figures, animals, or objects.",NULL,NULL,"{""is_correct"": true, ""bubble_color"": ""green"", ""score_percent"": 100, ""option_selected"": ""Got it""}","{}","{}","{}","2025-11-04 09:26:51.895","2025-11-04 09:26:51.895"
159,402,"i dont know","Giant stars are larger and brighter than main sequence stars, while dwarf stars are smaller and dimmer. Giants can be hundreds of times larger than the Sun, while dwarfs are often similar in size to Earth.",NULL,NULL,"{""error_type"": ""No Answer Provided"", ""is_correct"": false, ""bubble_color"": ""red"", ""score_percent"": 0, ""option_selected"": ""Got it""}","{}","{}","{}","2025-11-04 09:14:38.271","2025-11-04 09:14:38.271"
169,433,"i dont know","That's exactly right! Light exhibits both wave-like and particle-like properties, known as wave-particle duality.",NULL,NULL,"{""error_type"": ""No Answer Provided"", ""is_correct"": false, ""bubble_color"": ""red"", ""score_percent"": 0}","{}","{}","{}","2025-11-04 09:36:43.698","2025-11-04 09:36:43.698"
167,424,"i dont know","That's exactly right! Light exhibits both wave-like and particle-like properties, which is known as wave-particle duality.",NULL,NULL,"{""error_type"": ""No Answer Provided"", ""is_correct"": false, ""bubble_color"": ""red"", ""score_percent"": 0, ""option_selected"": ""Explain""}","{}","{}","{}","2025-11-04 09:34:21.114","2025-11-04 09:34:21.114"
160,404,"i dont know","Giant stars are significantly larger and brighter than dwarf stars. Dwarf stars are smaller and dimmer compared to giants.",NULL,NULL,"{""error_type"": ""No Answer Provided"", ""is_correct"": false, ""bubble_color"": ""red"", ""score_percent"": 0, ""option_selected"": ""Explain""}","{}","{}","{}","2025-11-04 09:15:03.32","2025-11-04 09:15:03.32"
163,416,"orion,ursa major etc which are visible in night sky","That's exactly right! Orion, Ursa Major, and others are popular constellations visible in the night sky.",NULL,NULL,"{""error_type"": ""Grammar"", ""is_correct"": false, ""bubble_color"": ""red"", ""score_percent"": 0, ""option_selected"": ""Got it""}","{}","{}","{}","2025-11-04 09:27:44.139","2025-11-04 09:27:44.139"
164,418,"orion,ursa major",NULL,"What are the main characteristics of the constellation Orion?",NULL,"null","{}","{}","{}","2025-11-04 09:28:20.398","2025-11-04 09:28:20.398"
165,420,"i dont know","Orion is a prominent constellation named after a hunter in Greek mythology. Ursa Major, also known as the Great Bear, contains the famous Big Dipper asterism.",NULL,NULL,"{""error_type"": ""No Answer Provided"", ""is_correct"": false, ""bubble_color"": ""red"", ""score_percent"": 0, ""option_selected"": ""Got it""}","{}","{}","{}","2025-11-04 09:29:01.929","2025-11-04 09:29:01.929"
170,434,"earth,mars,jupiter,saturn,uranus,neptune,mercury, venus",NULL,"What are the main characteristics of the Sun?",NULL,"null","{}","{}","{}","2025-11-06 08:15:20.533","2025-11-06 08:15:20.533"
168,430,"Light, as an eletromagnetic wave, has key properties like speed, wavelength, frequency, polariztion, and the ability to travel through a vcuum.","That's exactly right! Light has key properties such as speed, wavelength, frequency, polarization, and it can travel through a vacuum.",NULL,NULL,"{""error_type"": ""Spelling"", ""is_correct"": false, ""bubble_color"": ""red"", ""score_percent"": 0, ""option_selected"": ""Got it""}","{}","{}","{}","2025-11-04 09:35:51.504","2025-11-04 09:35:51.504"
174,447,"it has less orbit time as it is near to sun.","That's exactly right! Mercury has a shorter orbit time because it is closer to the Sun, taking only about 88 Earth days to complete one orbit.",NULL,NULL,"{""is_correct"": true, ""bubble_color"": ""green"", ""score_percent"": 100, ""option_selected"": ""Explain""}","{}","{}","{}","2025-11-06 08:26:17.348","2025-11-06 08:26:17.348"
172,442,"jupiter",NULL,"What is the largest planet in the solar system?",NULL,"null","{}","{}","{}","2025-11-06 08:25:35.487","2025-11-06 08:25:35.487"
173,444,"jupiter","That's exactly right! Jupiter is the largest planet in our solar system.",NULL,NULL,"{""is_correct"": true, ""bubble_color"": ""green"", ""score_percent"": 100, ""option_selected"": ""Got it""}","{}","{}","{}","2025-11-06 08:25:46.426","2025-11-06 08:25:46.426"
175,452,"it is consider as volcanic heavy planet,as it is closer to sun","It is considered a volcanic heavy planet because it is closer to the Sun. This proximity leads to higher temperatures and volcanic activity.",NULL,NULL,"{""error_type"": ""Grammar"", ""is_correct"": false, ""bubble_color"": ""red"", ""score_percent"": 0, ""option_selected"": ""Got it""}","{}","{}","{}","2025-11-06 08:27:05.79","2025-11-06 08:27:05.79"
183,476,"the first human made object is rocket to reach space",NULL,"The first human-made object to reach space was the V-2 rocket, launched by Germany in 1944. Can you name another significant milestone in space exploration history?",NULL,"null","{}","{}","{}","2025-11-06 08:56:57.145","2025-11-06 08:56:57.145"
176,454,"i dont know","Saturn has the most prominent rings in the solar system, made of ice and rock particles. These rings are very wide but very thin, and they are visible even from Earth with a telescope.",NULL,NULL,"{""error_type"": ""No Answer Provided"", ""is_correct"": false, ""bubble_color"": ""red"", ""score_percent"": 0, ""option_selected"": ""Got it""}","{}","{}","{}","2025-11-06 08:27:25.278","2025-11-06 08:27:25.278"
177,456,"euorpa and titan",NULL,"What are the main characteristics of Europa and Titan?",NULL,"null","{}","{}","{}","2025-11-06 08:27:58.232","2025-11-06 08:27:58.232"
178,458,"both are moons of jupiter and healy rocky",NULL,"What are the names of two of Jupiter's largest moons and their characteristics?",NULL,"null","{}","{}","{}","2025-11-06 08:28:26.745","2025-11-06 08:28:26.745"
192,498,"the light speed is decreased due t medium of water","That's a good start! However, refraction specifically refers to the bending of light as it travels from one medium to another, not just the change in speed. For example, light bends when it enters water from air.",NULL,NULL,"{""error_type"": ""Conceptual"", ""is_correct"": false, ""bubble_color"": ""red"", ""score_percent"": 0, ""option_selected"": ""Got it""}","{}","{}","{}","2025-11-06 09:28:07.901","2025-11-06 09:28:07.901"
187,484,"i dont now","That's okay! The first human-made object to reach space was Vostok 1, which carried Yuri Gagarin into orbit in 1961. This mission marked a significant milestone in space exploration.",NULL,NULL,"{""error_type"": ""No Answer Provided"", ""is_correct"": false, ""bubble_color"": ""red"", ""score_percent"": 0, ""option_selected"": ""Got it""}","{}","{}","{}","2025-11-06 08:58:47.167","2025-11-06 08:58:47.167"
179,460,"i dont know","Saturn has the most prominent rings in the solar system, made of ice and rock particles. These rings are very wide but very thin, and they are visible even from Earth with a telescope.",NULL,NULL,"{""error_type"": ""No Answer Provided"", ""is_correct"": false, ""bubble_color"": ""red"", ""score_percent"": 0, ""option_selected"": ""Got it""}","{}","{}","{}","2025-11-06 08:28:37.981","2025-11-06 08:28:37.981"
184,478,"i dont know","The first human-made object to reach space was the V-2 rocket, launched by Germany in 1944. It reached an altitude of 189 km (118 miles), crossing the Kármán line, which is considered the boundary of space.",NULL,NULL,"{""error_type"": ""No Answer Provided"", ""is_correct"": false, ""bubble_color"": ""red"", ""score_percent"": 0, ""option_selected"": ""Got it""}","{}","{}","{}","2025-11-06 08:57:32.726","2025-11-06 08:57:32.726"
180,462,"i dont know","Planets can be compared based on various criteria such as size, distance from the Sun, atmosphere, and surface conditions. For example, Jupiter is the largest planet, while Mercury is the smallest. Earth has a breathable atmosphere, unlike Venus, which has a thick, toxic atmosphere.",NULL,NULL,"{""error_type"": ""No Answer Provided"", ""is_correct"": false, ""bubble_color"": ""red"", ""score_percent"": 0, ""option_selected"": ""Explain""}","{}","{}","{}","2025-11-06 08:29:08.164","2025-11-06 08:29:08.164"
190,493,"i dont know","The two laws of reflection are: 1. The angle of incidence is equal to the angle of reflection. 2. The incident ray, reflected ray, and the normal all lie in the same plane.",NULL,NULL,"{""error_type"": ""No Answer Provided"", ""is_correct"": false, ""bubble_color"": ""red"", ""score_percent"": 0, ""option_selected"": ""Got it""}","{}","{}","{}","2025-11-06 09:17:56.228","2025-11-06 09:17:56.228"
181,469,"i dont know","Planets can be compared based on various criteria such as size, distance from the Sun, atmosphere, and surface conditions. For example, Jupiter is the largest planet, while Mercury is the smallest. Earth has a breathable atmosphere, unlike Venus, which has a thick, toxic atmosphere.",NULL,NULL,"{""error_type"": ""No Answer Provided"", ""is_correct"": false, ""bubble_color"": ""red"", ""score_percent"": 0, ""option_selected"": ""Got it""}","{}","{}","{}","2025-11-06 08:29:41.158","2025-11-06 08:29:41.158"
182,472,"Jupiter",NULL,"🎉 Congratulations! You've completed this topic!",NULL,"null","{}","{}","{}","2025-11-06 08:30:00.888","2025-11-06 08:30:00.888"
185,480,"i dont know","The first human-made object to reach space was the V-2 rocket, launched by Germany in 1944. It reached an altitude of 189 km (118 miles), crossing the Kármán line, which is considered the boundary of space.",NULL,NULL,"{""error_type"": ""No Answer Provided"", ""is_correct"": false, ""bubble_color"": ""red"", ""score_percent"": 0, ""option_selected"": ""Got it""}","{}","{}","{}","2025-11-06 08:57:54.084","2025-11-06 08:57:54.084"
189,490,"telescopeis used to view distant planets from earth.","That's almost right! A telescope is used to observe distant celestial objects, including planets, stars, and galaxies, from Earth.",NULL,NULL,"{""error_type"": ""Grammar"", ""is_correct"": false, ""bubble_color"": ""red"", ""score_percent"": 0, ""option_selected"": ""Got it""}","{}","{}","{}","2025-11-06 09:13:10.972","2025-11-06 09:13:10.972"
186,482,"to reach moon","That's almost right! The first human-made object to reach space was Vostok 1, which carried Yuri Gagarin into orbit in 1961.","What was the significance of the Apollo 11 mission?",NULL,"{""error_type"": ""Conceptual Understanding"", ""is_correct"": false, ""bubble_color"": ""red"", ""score_percent"": 0}","{}","{}","{}","2025-11-06 08:58:14.769","2025-11-06 08:58:14.769"
188,486,"i dont know","That's almost right! The first human-made object to reach space was Vostok 1, which carried Yuri Gagarin into orbit in 1961.",NULL,NULL,"{""error_type"": ""No Answer Provided"", ""is_correct"": false, ""bubble_color"": ""red"", ""score_percent"": 0, ""option_selected"": ""Got it""}","{}","{}","{}","2025-11-06 08:59:08.755","2025-11-06 08:59:08.755"
191,496,"which separatethe ways of light paths so it moves in seprates diretion","That's a good attempt! Refraction is the bending of light as it passes from one medium to another.",NULL,NULL,"{""error_type"": ""Conceptual"", ""is_correct"": false, ""bubble_color"": ""red"", ""score_percent"": 0, ""option_selected"": ""Got it""}","{}","{}","{}","2025-11-06 09:27:23.243","2025-11-06 09:27:23.243"
193,500,"snells law state that incident ray is equal to vertical ray","That's a good attempt! Snell's Law states that the ratio of the sine of the angle of incidence to the sine of the angle of refraction is constant. This relationship helps us understand how light bends when it passes through different media.",NULL,NULL,"{""error_type"": ""Conceptual"", ""is_correct"": false, ""bubble_color"": ""red"", ""score_percent"": 0, ""option_selected"": ""Got it""}","{}","{}","{}","2025-11-06 09:29:28.198","2025-11-06 09:29:28.198"
208,543,"i dont know","Thunderstorms can cause flooding, soil erosion, and damage to vegetation. They can also lead to power outages and disrupt human activities.",NULL,NULL,"{""error_type"": ""No Answer Provided"", ""is_correct"": false, ""bubble_color"": ""red"", ""score_percent"": 0, ""option_selected"": ""Got it""}","{}","{}","{}","2025-11-06 10:29:51.51","2025-11-06 10:29:51.51"
202,527,"the dense dark cloud","That's a good start, but a thunderstorm is more than just a cloud. A thunderstorm is a weather event characterized by heavy rain, strong winds, and thunder, often accompanied by lightning.",NULL,NULL,"{""error_type"": ""Conceptual"", ""is_correct"": false, ""bubble_color"": ""red"", ""score_percent"": 0, ""option_selected"": ""Got it""}","{}","{}","{}","2025-11-06 10:26:25.471","2025-11-06 10:26:25.471"
194,502,"i dont know","Refraction is the bending of light when it passes from one medium to another. This occurs due to a change in the speed of light in different materials.",NULL,NULL,"{""error_type"": ""No Answer Provided"", ""is_correct"": false, ""bubble_color"": ""red"", ""score_percent"": 0, ""option_selected"": ""Got it""}","{}","{}","{}","2025-11-06 09:30:07.88","2025-11-06 09:30:07.88"
199,516,"land slides,floods","That's a good start! Natural phenomena are events that occur in nature, such as landslides and floods, which are not caused by human actions.",NULL,NULL,"{""error_type"": ""Conceptual"", ""is_correct"": false, ""bubble_color"": ""red"", ""score_percent"": 0, ""option_selected"": ""Explain""}","{}","{}","{}","2025-11-06 10:18:13.778","2025-11-06 10:18:13.778"
195,506,"i dont know","The law of reflection states that the angle of incidence is equal to the angle of reflection.",NULL,NULL,"{""error_type"": ""No Answer Provided"", ""is_correct"": false, ""bubble_color"": ""red"", ""score_percent"": 0, ""option_selected"": ""Got it""}","{}","{}","{}","2025-11-06 09:36:03.94","2025-11-06 09:36:03.94"
196,508,"i dont know","The law of reflection states that the angle of incidence is equal to the angle of reflection.",NULL,NULL,"{""error_type"": ""No Answer Provided"", ""is_correct"": false, ""bubble_color"": ""red"", ""score_percent"": 0, ""option_selected"": ""Got it""}","{}","{}","{}","2025-11-06 09:36:22.005","2025-11-06 09:36:22.005"
200,519,"i dont know","Lightning forms due to the buildup of electrical charges in clouds, creating a discharge. When the difference in charge becomes too great, it results in a sudden release of energy in the form of light and sound, which we see as lightning and hear as thunder.",NULL,NULL,"{""error_type"": ""No Answer Provided"", ""is_correct"": false, ""bubble_color"": ""red"", ""score_percent"": 0, ""option_selected"": ""Explain""}","{}","{}","{}","2025-11-06 10:22:41.418","2025-11-06 10:22:41.418"
197,510,"i dont know","The law of reflection states that the angle of incidence equals the angle of reflection. This means that when a light ray hits a reflective surface, the angle at which it comes in is the same as the angle at which it bounces off.",NULL,NULL,"{""error_type"": ""No Answer Provided"", ""is_correct"": false, ""bubble_color"": ""red"", ""score_percent"": 0, ""option_selected"": ""Got it""}","{}","{}","{}","2025-11-06 09:36:44.628","2025-11-06 09:36:44.628"
205,537,"i dont know","That's okay! There are several types of thunderstorms, including: 1. Single-cell thunderstorms, 2. Multi-cell thunderstorms, 3. Supercell thunderstorms.",NULL,NULL,"{""error_type"": ""No Answer Provided"", ""is_correct"": false, ""bubble_color"": ""red"", ""score_percent"": 0, ""option_selected"": ""Got it""}","{}","{}","{}","2025-11-06 10:28:24.074","2025-11-06 10:28:24.074"
203,529,"i dont know","That's okay! The main ingredients needed for a thunderstorm to form are warm, moist air, rising air, and instability in the atmosphere.",NULL,NULL,"{""error_type"": ""No Answer Provided"", ""is_correct"": false, ""bubble_color"": ""red"", ""score_percent"": 0, ""option_selected"": ""Explain""}","{}","{}","{}","2025-11-06 10:26:58.898","2025-11-06 10:26:58.898"
198,514,"natural phenomenon means thenature or natural cause","Natural phenomena are events or processes that occur in nature without human intervention, such as weather patterns, earthquakes, and volcanic eruptions. They are distinct from human-made events, which are caused by human activities.",NULL,NULL,"{""error_type"": ""Grammar"", ""is_correct"": false, ""bubble_color"": ""red"", ""score_percent"": 0, ""option_selected"": ""Got it""}","{}","{}","{}","2025-11-06 10:17:51.125","2025-11-06 10:17:51.125"
201,525,"when cloud is to dense it started to give lightning","That's a good start! A thunderstorm is a weather event characterized by heavy rain, strong winds, and often lightning and thunder. It occurs when warm, moist air rises and cools, forming cumulonimbus clouds.",NULL,NULL,"{""error_type"": ""Grammar"", ""is_correct"": false, ""bubble_color"": ""red"", ""score_percent"": 0, ""option_selected"": ""Got it""}","{}","{}","{}","2025-11-06 10:26:02.31","2025-11-06 10:26:02.31"
207,541,"it harms plants,road,and human","That's a good start! Thunderstorms can harm plants, roads, and humans by causing flooding, strong winds, and lightning strikes.",NULL,NULL,"{""error_type"": ""Conceptual"", ""is_correct"": false, ""bubble_color"": ""red"", ""score_percent"": 0, ""option_selected"": ""Got it""}","{}","{}","{}","2025-11-06 10:29:28.761","2025-11-06 10:29:28.761"
204,535,"i dont know","That's okay! The main ingredients needed for a thunderstorm to form are warm, moist air, rising air, and atmospheric instability.",NULL,NULL,"{""error_type"": ""No Answer Provided"", ""is_correct"": false, ""bubble_color"": ""red"", ""score_percent"": 0, ""option_selected"": ""Got it""}","{}","{}","{}","2025-11-06 10:27:47.062","2025-11-06 10:27:47.062"
206,539,"around few day","That's not quite right. There are several types of thunderstorms, including single-cell, multi-cell, and supercell thunderstorms.",NULL,NULL,"{""error_type"": ""No Answer Provided"", ""is_correct"": false, ""bubble_color"": ""red"", ""score_percent"": 0, ""option_selected"": ""Got it""}","{}","{}","{}","2025-11-06 10:28:52.551","2025-11-06 10:28:52.551"
209,545,"i dont know","That's exactly right! Great understanding! Some potential effects of thunderstorms on the environment include heavy rainfall, flooding, strong winds, and lightning strikes.",NULL,NULL,"{""option_selected"": ""Got it""}","{}","{}","{}","2025-11-06 10:30:17.503","2025-11-06 10:30:17.503"
210,547,"avoid going outside","That's exactly right! Great understanding! Thunderstorms can cause flooding, strong winds, and lightning strikes, which can harm the environment and people.",NULL,NULL,"{""option_selected"": ""Got it""}","{}","{}","{}","2025-11-06 10:31:27.145","2025-11-06 10:31:27.145"
212,553,"man made deforestation and heavy mining","That's a good try! However, a common cause of earthquakes is tectonic plate movements. These plates shift and collide, causing seismic activity.",NULL,NULL,"{""error_type"": ""Conceptual"", ""is_correct"": false, ""bubble_color"": ""red"", ""score_percent"": 0, ""option_selected"": ""Got it""}","{}","{}","{}","2025-11-06 10:39:20.704","2025-11-06 10:39:20.704"
218,565,"earthquake impact building due to shaking from ground, it cause building  collaspe","Earthquakes can impact buildings by causing them to shake, which may lead to structural damage or collapse. This shaking can weaken foundations and walls, making buildings unsafe.",NULL,NULL,"{""error_type"": ""Grammar"", ""is_correct"": false, ""bubble_color"": ""red"", ""score_percent"": 0, ""option_selected"": ""Got it""}","{}","{}","{}","2025-11-06 10:45:47.479","2025-11-06 10:45:47.479"
213,555,"tectonic plates movement","Excellent! That's exactly right. Earthquakes are commonly caused by the movement of tectonic plates.",NULL,NULL,"{""is_correct"": true, ""bubble_color"": ""green"", ""score_percent"": 100, ""option_selected"": ""Got it""}","{}","{}","{}","2025-11-06 10:39:58.88","2025-11-06 10:39:58.88"
224,582,"i dont know","A tsunami is a series of large ocean waves caused by disturbances such as earthquakes, volcanic eruptions, or underwater landslides. When these disturbances displace a large volume of water, it creates waves that can travel across oceans at high speeds and cause significant damage when they reach coastal areas.",NULL,NULL,"{""error_type"": ""No Answer Provided"", ""is_correct"": false, ""bubble_color"": ""red"", ""score_percent"": 0, ""option_selected"": ""Got it""}","{}","{}","{}","2025-11-06 11:08:59.405","2025-11-06 11:08:59.405"
223,580,"i dont know","A tsunami is a series of large ocean waves caused by disturbances such as earthquakes, volcanic eruptions, or landslides. When these disturbances displace a large volume of water, it creates waves that can travel across oceans at high speeds. As the waves approach shallow coastal areas, they increase in height and can cause significant destruction.",NULL,NULL,"{""error_type"": ""No Answer Provided"", ""is_correct"": false, ""bubble_color"": ""red"", ""score_percent"": 0, ""option_selected"": ""Got it""}","{}","{}","{}","2025-11-06 11:08:31.907","2025-11-06 11:08:31.907"
214,557,"it destroy the land,building andcausemasssive desctruction","Earthquakes can destroy land, buildings, and cause massive destruction, including landslides and tsunamis.",NULL,NULL,"{""error_type"": ""Grammar"", ""is_correct"": false, ""bubble_color"": ""red"", ""score_percent"": 0, ""option_selected"": ""Got it""}","{}","{}","{}","2025-11-06 10:40:45.674","2025-11-06 10:40:45.674"
219,567,"i dont know","That's okay! Earthquakes can cause buildings to collapse, damage roads, and disrupt utilities. This can lead to injuries, loss of life, and make it difficult for emergency services to respond.",NULL,NULL,"{""error_type"": ""No Answer Provided"", ""is_correct"": false, ""bubble_color"": ""red"", ""score_percent"": 0, ""option_selected"": ""Got it""}","{}","{}","{}","2025-11-06 10:46:13.3","2025-11-06 10:46:13.3"
215,559,"i dont know","That's okay! Some effects of earthquakes on the Earth's surface include ground shaking, surface rupture, and landslides. These can cause significant damage to buildings and landscapes.",NULL,NULL,"{""error_type"": ""No Answer Provided"", ""is_correct"": false, ""bubble_color"": ""red"", ""score_percent"": 0, ""option_selected"": ""Got it""}","{}","{}","{}","2025-11-06 10:41:10.291","2025-11-06 10:41:10.291"
220,569,"the roads gets damaged and bridge broke","That's a good start! Earthquakes can cause roads to get damaged and bridges to break, leading to transportation issues and safety hazards in a community.",NULL,NULL,"{""option_selected"": ""Got it""}","{}","{}","{}","2025-11-06 10:53:32.171","2025-11-06 10:53:32.171"
216,561,"to get out from house","That's a good thought, but the best safety precaution is to stay indoors and take cover under a sturdy piece of furniture, like a table or desk, to protect yourself from falling debris.",NULL,NULL,"{""error_type"": ""Conceptual"", ""is_correct"": false, ""bubble_color"": ""red"", ""score_percent"": 0, ""option_selected"": ""Got it""}","{}","{}","{}","2025-11-06 10:41:48.889","2025-11-06 10:41:48.889"
221,571,"the richter scalue is used to mesuare earth quqake frequency",NULL,"😢 The Richter scale is used to measure the magnitude of earthquakes, not frequency. It quantifies the energy released during an earthquake. Buildings and infrastructure can be severely damaged depending on the magnitude. For example, higher magnitude earthquakes can cause structural failures, leading to collapses and significant damage to roads and bridges. Now try answering: How can earthquakes impact buildings and infrastructure in a community?",NULL,"null","{}","{}","{}","2025-11-06 10:58:18.501","2025-11-06 10:58:18.501"
217,563,"i will take cover under a sturdy piece of furniture","Excellent! That's exactly right. Taking cover under sturdy furniture can protect you from falling debris.",NULL,NULL,"{""is_correct"": true, ""bubble_color"": ""green"", ""score_percent"": 100, ""option_selected"": ""Got it""}","{}","{}","{}","2025-11-06 10:43:02.407","2025-11-06 10:43:02.407"
222,574,"Got it","Earthquakes can significantly impact buildings and infrastructure in a community by causing structural damage, leading to collapses, and compromising the integrity of roads, bridges, and utilities. The shaking can result in cracks in walls, broken windows, and damage to foundations. Additionally, secondary effects such as landslides, tsunamis, and fires can further exacerbate the destruction. Emergency services may be hindered by damaged infrastructure, making it difficult to respond effectively.","🎉 Congratulations! You've completed the topic: Topic 4: Earthquakes!",NULL,"null","{}","{}","{}","2025-11-06 10:58:58.697","2025-11-06 10:58:58.697"
225,584,"it destroy coatal area region houses and plants and other things","Tsunamis can cause severe destruction to coastal communities. They can destroy homes, uproot plants, and damage infrastructure, leading to significant economic and environmental impacts.",NULL,NULL,"{""error_type"": ""Grammar"", ""is_correct"": false, ""bubble_color"": ""red"", ""score_percent"": 0, ""option_selected"": ""Got it""}","{}","{}","{}","2025-11-06 11:10:00.928","2025-11-06 11:10:00.928"
