"id","user_id","chat_id","goal_id","topic_id","subject_id","user_name","sender","question_text","user_answer_raw","corrected_answer","diff_html","feedback_text","feedback_json","error_type","error_subtype","is_correct","score_percent","response_time_sec","help_requested","explain_loop_count","num_retries","goal_progress_before","goal_progress_after","mastery_score","difficulty_level","topic_title","subject_name","question_type","created_at","updated_at"
703,1,892,265,67,1,"vivek","user","What are some common emotional changes that adolescents experience?","Mood swingz, irritashun, anxity, confushon, sensetivty, and strong need for independnce are comon in adolance.","Great job! Adolescents often experience mood swings, irritation, anxiety, confusion, sensitivity, and a strong need for independence.","<del>Mood swingz, irritashun, anxity, confushon, sensetivty, and strong need for independnce are comon in adolance.</del> <ins>Mood swings, irritation, anxiety, confusion, sensitivity, and a strong need for independence are common in adolescence.</ins>","Great job! Adolescents often experience mood swings, irritation, anxiety, confusion, sensitivity, and a strong need for independence.","{""error_type"": ""Spelling"", ""is_correct"": false, ""bubble_color"": ""red"", ""score_percent"": 60}","Spelling",NULL,False,"60","39.15431268128976","no",0,0,"0","0","0","medium","Topic 2: Emotional Changes in Adolescence","Science","open_ended","2025-11-18 14:16:11.421","2025-11-18 14:16:11.421"
704,1,898,405,103,1,"vivek","user","What are mitigation strategies used for in the context of natural disasters?","Mitigation strateies reduce risks by preventing, minimizig, or contrlling potential negative impacts.","That's correct! Mitigation strategies aim to reduce risks by preventing, minimizing, or controlling potential negative impacts of natural disasters.","Mitigation <del>strateies</del><ins>strategies</ins> reduce risks by preventing, <del>minimizig</del><ins>minimizing</ins>, or <del>contrlling</del><ins>controlling</ins> potential negative impacts.","That's correct! Mitigation strategies aim to reduce risks by preventing, minimizing, or controlling potential negative impacts of natural disasters.","{""is_correct"": true, ""bubble_color"": ""green"", ""score_percent"": 100}",NULL,NULL,True,"100","35.38730040653628","no",0,0,"0","100","0","medium","Topic 7: Mitigation Strategies","Science","open_ended","2025-11-19 10:57:58.439","2025-11-19 10:57:58.439"
705,1,900,405,103,1,"vivek","user","What are mitigation strategies used for in the context of natural disasters?","climate chnage,bussiness risk and natural disiater","That's not quite right. Mitigation strategies are used to reduce the impact of natural disasters on human lives and infrastructure.","<del>climate chnage,bussiness risk and natural disiater</del> <ins>Mitigation strategies are used to reduce the impact of natural disasters on human lives and infrastructure.</ins>","That's not quite right. Mitigation strategies are used to reduce the impact of natural disasters on human lives and infrastructure.","{""error_type"": ""Conceptual"", ""is_correct"": false, ""bubble_color"": ""red"", ""score_percent"": 10}","Conceptual",NULL,False,"10","34.67095049360704","no",0,0,"100","50","100","medium","Topic 7: Mitigation Strategies","Science","open_ended","2025-11-19 10:58:56.954","2025-11-19 10:58:56.954"
706,1,902,406,103,1,"vivek","user","What are some examples of technologies used in disaster mitigation?","i dont know","That's okay! Some examples of technologies used in disaster mitigation include early warning systems, flood barriers, and seismic retrofitting. These technologies help to predict, prevent, and minimize the impact of natural disasters.","<del>i dont know</del> <ins>Some examples of technologies used in disaster mitigation include early warning systems, flood barriers, and seismic retrofitting.</ins>","That's okay! Some examples of technologies used in disaster mitigation include early warning systems, flood barriers, and seismic retrofitting. These technologies help to predict, prevent, and minimize the impact of natural disasters.","{""error_type"": ""No Answer Provided"", ""is_correct"": false, ""bubble_color"": ""red"", ""score_percent"": 10}","No Answer Provided",NULL,False,"10","45.783129090435466","no",0,0,"0","0","0","medium","Topic 7: Mitigation Strategies","Science","open_ended","2025-11-19 10:59:49.073","2025-11-19 10:59:49.073"
707,1,904,406,103,1,"vivek","user","What are some examples of technologies used in disaster mitigation?","it hepls user to be alert and move","That's a good start! Technologies like early warning systems help users stay alert and evacuate quickly during disasters.","<del>it hepls user to be alert and move</del> <ins>It helps users to be alert and evacuate quickly.</ins>","That's a good start! Technologies like early warning systems help users stay alert and evacuate quickly during disasters.","{""error_type"": ""Grammar"", ""is_correct"": false, ""bubble_color"": ""red"", ""score_percent"": 60}","Grammar",NULL,False,"60","39.50413065597456","no",0,0,"0","0","10","medium","Topic 7: Mitigation Strategies","Science","open_ended","2025-11-19 11:00:39.601","2025-11-19 11:00:39.601"
708,1,906,407,103,1,"vivek","user","What is the difference between structural and non-structural mitigation approaches?","Structural mitigation involves physical constructions to resist hazards, while non‑structural mitigation relies on policies, knowledge, and practices to reduce risks","Excellent! That's exactly right. You've understood this concept perfectly.","Structural mitigation involves physical constructions to resist hazards, while non‑structural mitigation relies on policies, knowledge, and practices to reduce risks.","Excellent! That's exactly right. You've understood this concept perfectly.","{""is_correct"": true, ""bubble_color"": ""green"", ""score_percent"": 100}",NULL,NULL,True,"100","53.59114363804557","no",0,0,"0","100","0","medium","Topic 7: Mitigation Strategies","Science","open_ended","2025-11-19 11:01:52.404","2025-11-19 11:01:52.404"
726,1,949,372,94,1,"vivek","user","What is one practical application of electrolysis in the industry?","to remove rust from metals","That's correct! Electrolysis is used to remove rust from metals, a process called electrochemical de-rusting.","<del>to remove rust from metals</del> <ins>Electrolysis is used to remove rust from metals, a process called electrochemical de-rusting.</ins>","That's correct! Electrolysis is used to remove rust from metals, a process called electrochemical de-rusting.","{""is_correct"": true, ""bubble_color"": ""green"", ""score_percent"": 100}",NULL,NULL,True,"100","28.605544101022907","no",0,0,"0","100","0","medium","Topic 4: Chemical Reactions in Electrolysis","Science","open_ended","2025-11-20 12:35:07.096","2025-11-20 12:35:07.096"
709,1,908,407,103,1,"vivek","user","What is the difference between structural and non-structural mitigation approaches?","dams,earthqakee,flood","That's a good attempt! Structural approaches involve physical constructions like dams, while non-structural approaches focus on policies and planning to reduce disaster risk.","<del>dams,earthqakee,flood</del> <ins>Structural approaches include dams, while non-structural approaches involve planning and regulations.</ins>","That's a good attempt! Structural approaches involve physical constructions like dams, while non-structural approaches focus on policies and planning to reduce disaster risk.","{""error_type"": ""Conceptual"", ""is_correct"": false, ""bubble_color"": ""red"", ""score_percent"": 10}","Conceptual",NULL,False,"10","35.1239306885639","no",0,0,"100","50","100","medium","Topic 7: Mitigation Strategies","Science","open_ended","2025-11-19 11:02:35.801","2025-11-19 11:02:35.801"
710,1,910,408,103,1,"vivek","user","What are some key components to consider when designing a mitigation plan for a natural disaster?","i dont know","Key components to consider include risk assessment, resource allocation, community involvement, and emergency response plans.","<del>i dont know</del> <ins>Key components to consider include risk assessment, resource allocation, community involvement, and emergency response plans.</ins>","Key components to consider include risk assessment, resource allocation, community involvement, and emergency response plans.","{""error_type"": ""No Answer Provided"", ""is_correct"": false, ""bubble_color"": ""red"", ""score_percent"": 10}","No Answer Provided",NULL,False,"10","34.48087166093798","no",0,0,"0","0","0","medium","Topic 7: Mitigation Strategies","Science","open_ended","2025-11-19 11:02:59.016","2025-11-19 11:02:59.016"
711,1,912,408,103,1,"vivek","user","What are some key components to consider when designing a mitigation plan for a natural disaster?","i dont know","Key components to consider when designing a mitigation plan include risk assessment, stakeholder involvement, resource allocation, and implementation strategies.","<del>i dont know</del> <ins>Key components to consider when designing a mitigation plan include risk assessment, stakeholder involvement, resource allocation, and implementation strategies.</ins>","Key components to consider when designing a mitigation plan include risk assessment, stakeholder involvement, resource allocation, and implementation strategies.","{""error_type"": ""No Answer Provided"", ""is_correct"": false, ""bubble_color"": ""red"", ""score_percent"": 10}","No Answer Provided",NULL,False,"10","40.388847625435965","no",0,0,"0","0","10","medium","Topic 7: Mitigation Strategies","Science","open_ended","2025-11-19 11:03:23.944","2025-11-19 11:03:23.944"
712,1,919,365,93,1,"vivek","user","What is the basic definition of electroplating?","i dont know","Electroplating is a process that uses electrical current to deposit a layer of metal onto a surface. This technique is commonly used to enhance appearance, prevent corrosion, and improve wear resistance.","<del>i dont know</del> <ins>Electroplating is a process that uses electrical current to deposit a layer of metal onto a surface.</ins>","Electroplating is a process that uses electrical current to deposit a layer of metal onto a surface. This technique is commonly used to enhance appearance, prevent corrosion, and improve wear resistance.","{""error_type"": ""No Answer Provided"", ""is_correct"": false, ""bubble_color"": ""red"", ""score_percent"": 10}","No Answer Provided",NULL,False,"10","53.39963685515037","no",0,0,"0","0","0","medium","Topic 3: Electroplating and its Applications","Science","open_ended","2025-11-19 13:51:16.225","2025-11-19 13:51:16.225"
713,1,921,365,93,1,"vivek","user","What is the basic definition of electroplating?","The main step in electroplating is depositing a thin metal layer onto an object using electric current in an electrolyte solution.","Excellent! That's exactly right. Electroplating involves depositing a metal layer onto an object using electric current in an electrolyte solution.","The main step in electroplating is depositing a thin metal layer onto an object using electric current in an electrolyte solution.","Excellent! That's exactly right. Electroplating involves depositing a metal layer onto an object using electric current in an electrolyte solution.","{""is_correct"": true, ""bubble_color"": ""green"", ""score_percent"": 100}",NULL,NULL,True,"100","48.57051106192267","no",0,0,"0","50","10","medium","Topic 3: Electroplating and its Applications","Science","open_ended","2025-11-19 13:52:12.932","2025-11-19 13:52:12.932"
714,1,923,366,93,1,"vivek","user","What are some common industrial applications of electroplating?","Electroplating is widely used in industries for corrosion protection, durability, and improved appearance of products.","Excellent! That's exactly right. Electroplating is used for corrosion protection, durability, and improved appearance in various items such as jewelry, automotive parts, and electronic components.","Electroplating is widely used in industries for corrosion protection, durability, and improved appearance of <del>products</del><ins>various items such as jewelry, automotive parts, and electronic components.</ins>","Excellent! That's exactly right. Electroplating is used for corrosion protection, durability, and improved appearance in various items such as jewelry, automotive parts, and electronic components.","{""is_correct"": true, ""bubble_color"": ""green"", ""score_percent"": 100}",NULL,NULL,True,"100","30.101395423770775","no",0,0,"0","100","0","medium","Topic 3: Electroplating and its Applications","Science","open_ended","2025-11-19 13:53:12.152","2025-11-19 13:53:12.152"
715,1,925,366,93,1,"vivek","user","What are some common industrial applications of electroplating?","Electroplating improves durability by adding a protective metal coating that resists corrosion, wear, and environmental damage, thereby extending the lifespan of materials","That's a good attempt! However, the question was about common industrial applications of electroplating. Some common applications include decorative plating, corrosion resistance, electrical conductivity, and wear resistance in various industries.","<del>Electroplating improves durability by adding a protective metal coating that resists corrosion, wear, and environmental damage, thereby extending the lifespan of materials</del> <ins>Some common industrial applications of electroplating include decorative plating, corrosion resistance, electrical conductivity, and wear resistance in various industries.</ins>","That's a good attempt! However, the question was about common industrial applications of electroplating. Some common applications include decorative plating, corrosion resistance, electrical conductivity, and wear resistance in various industries.","{""error_type"": ""Conceptual"", ""is_correct"": false, ""bubble_color"": ""red"", ""score_percent"": 10}","Conceptual",NULL,False,"10","24.000428012797656","no",0,0,"100","50","100","medium","Topic 3: Electroplating and its Applications","Science","open_ended","2025-11-19 13:54:21.64","2025-11-19 13:54:21.64"
716,1,927,367,93,1,"vivek","user","What are some advantages of using gold for electroplating?","i dont know","Gold has several advantages for electroplating, such as excellent corrosion resistance, high electrical conductivity, and a visually appealing finish. It is also non-reactive, making it suitable for electronic components.","<del>i dont know</del> <ins>Some advantages of using gold for electroplating include excellent corrosion resistance, high conductivity, and a pleasing appearance. Gold plating is also non-reactive, making it ideal for electronic components.</ins>","Gold has several advantages for electroplating, such as excellent corrosion resistance, high electrical conductivity, and a visually appealing finish. It is also non-reactive, making it suitable for electronic components.","{""error_type"": ""No Answer Provided"", ""is_correct"": false, ""bubble_color"": ""red"", ""score_percent"": 10}","No Answer Provided",NULL,False,"10","47.35430943558975","no",0,0,"0","0","0","medium","Topic 3: Electroplating and its Applications","Science","open_ended","2025-11-19 13:54:58.925","2025-11-19 13:54:58.925"
717,1,929,367,93,1,"vivek","user","What are some advantages of using gold for electroplating?","Main disadvantages of silver plating: It tarnishes easily, can suffer from porosity and wear, and requires careful maintenance.","That's not quite right. Some advantages of using gold for electroplating include its excellent corrosion resistance, high conductivity, and aesthetic appeal. Gold does not tarnish easily and provides a durable finish.","<del>Main disadvantages of silver plating: It tarnishes easily, can suffer from porosity and wear, and requires careful maintenance.</del> <ins>Some advantages of using gold for electroplating include its excellent corrosion resistance, high conductivity, and aesthetic appeal.</ins>","That's not quite right. Some advantages of using gold for electroplating include its excellent corrosion resistance, high conductivity, and aesthetic appeal. Gold does not tarnish easily and provides a durable finish.","{""error_type"": ""Conceptual"", ""is_correct"": false, ""bubble_color"": ""red"", ""score_percent"": 10}","Conceptual",NULL,False,"10","52.67654003180565","no",0,0,"0","0","10","medium","Topic 3: Electroplating and its Applications","Science","open_ended","2025-11-19 13:56:01.162","2025-11-19 13:56:01.162"
718,1,931,368,93,1,"vivek","user","Why is it important to select the right metal for electroplating?","for saptey","It's important to select the right metal for electroplating to ensure safety, durability, and effectiveness in the application. Different metals have unique properties that affect corrosion resistance, conductivity, and adhesion, which are crucial for the performance of the plated item.","<del>for saptey</del> <ins>for safety</ins>","It's important to select the right metal for electroplating to ensure safety, durability, and effectiveness in the application. Different metals have unique properties that affect corrosion resistance, conductivity, and adhesion, which are crucial for the performance of the plated item.","{""error_type"": ""Spelling"", ""is_correct"": false, ""bubble_color"": ""red"", ""score_percent"": 10}","Spelling",NULL,False,"10","32.30013843987507","no",0,0,"0","0","0","medium","Topic 3: Electroplating and its Applications","Science","open_ended","2025-11-19 13:56:25.912","2025-11-19 13:56:25.912"
719,1,933,368,93,1,"vivek","user","Why is it important to select the right metal for electroplating?","i dont now","It is important to select the right metal for electroplating because different metals have unique properties that affect adhesion, corrosion resistance, and conductivity. Choosing the appropriate metal ensures the plated object performs well in its intended application.","<del>i dont now</del> <ins>It is important to select the right metal for electroplating because different metals have unique properties that affect adhesion, corrosion resistance, and conductivity. Choosing the appropriate metal ensures the plated object performs well in its intended application.</ins>","It is important to select the right metal for electroplating because different metals have unique properties that affect adhesion, corrosion resistance, and conductivity. Choosing the appropriate metal ensures the plated object performs well in its intended application.","{""error_type"": ""No Answer Provided"", ""is_correct"": false, ""bubble_color"": ""red"", ""score_percent"": 10}","No Answer Provided",NULL,False,"10","46.97418378417191","no",0,0,"0","0","10","medium","Topic 3: Electroplating and its Applications","Science","open_ended","2025-11-19 13:56:53.314","2025-11-19 13:56:53.314"
720,1,937,369,94,1,"vivek","user","What are the main components of an electrolytic cell?","Electrolytic cell has three main components: anode, cathode, and electrolyte","Excellent! That's exactly right. An electrolytic cell consists of an anode, a cathode, and an electrolyte.","Electrolytic cell has three main components: anode, cathode, and electrolyte","Excellent! That's exactly right. An electrolytic cell consists of an anode, a cathode, and an electrolyte.","{""is_correct"": true, ""bubble_color"": ""green"", ""score_percent"": 100}",NULL,NULL,True,"100","41.67519288288153","no",0,0,"0","100","0","medium","Topic 4: Chemical Reactions in Electrolysis","Science","open_ended","2025-11-20 12:31:41.417","2025-11-20 12:31:41.417"
721,1,939,369,94,1,"vivek","user","What are the main components of an electrolytic cell?","In an electrolytic cell, the anode is the electrode where oxidation occurs, releasing electrons into the external circuit.","Excellent! That's exactly right. The anode is where oxidation occurs, and the cathode is where reduction happens.","In an electrolytic cell, the anode is the electrode where oxidation occurs, releasing electrons into the external circuit.","Excellent! That's exactly right. The anode is where oxidation occurs, and the cathode is where reduction happens.","{""is_correct"": true, ""bubble_color"": ""green"", ""score_percent"": 100}",NULL,NULL,True,"100","31.603073430332763","no",0,0,"100","100","100","medium","Topic 4: Chemical Reactions in Electrolysis","Science","open_ended","2025-11-20 12:32:18.88","2025-11-20 12:32:18.88"
722,1,941,370,94,1,"vivek","user","What is the role of the anode in electrolysis?","In an electrolytic cell, the anode is the electrode where oxidation occurs, releasing electrons into the external circuit","Excellent! That's exactly right. The anode is where oxidation happens, and it releases electrons into the circuit.","In an electrolytic cell, the anode is the electrode where oxidation occurs, releasing electrons into the external circuit.","Excellent! That's exactly right. The anode is where oxidation happens, and it releases electrons into the circuit.","{""is_correct"": true, ""bubble_color"": ""green"", ""score_percent"": 100}",NULL,NULL,True,"100","37.81495082097551","no",0,0,"0","100","0","medium","Topic 4: Chemical Reactions in Electrolysis","Science","open_ended","2025-11-20 12:33:20.038","2025-11-20 12:33:20.038"
723,1,943,370,94,1,"vivek","user","What is the role of the anode in electrolysis?","i dont know","The anode is the positive electrode where oxidation occurs during electrolysis. At the anode, electrons are removed from the substance being oxidized, leading to the formation of positive ions.","<del>i dont know</del> <ins>The anode is the positive electrode where oxidation occurs during electrolysis.</ins>","The anode is the positive electrode where oxidation occurs during electrolysis. At the anode, electrons are removed from the substance being oxidized, leading to the formation of positive ions.","{""error_type"": ""No Answer Provided"", ""is_correct"": false, ""bubble_color"": ""red"", ""score_percent"": 10}","No Answer Provided",NULL,False,"10","36.46238689140122","no",0,0,"100","50","100","medium","Topic 4: Chemical Reactions in Electrolysis","Science","open_ended","2025-11-20 12:33:48.573","2025-11-20 12:33:48.573"
724,1,945,371,94,1,"vivek","user","What products are formed at the cathode during the electrolysis of water?","At the cathode of an electrolytic cell, reduction occurs, so cations gain electrons to form neutral products (usually metals or hydrogen gas).","That's exactly right! During the electrolysis of water, hydrogen gas is produced at the cathode as cations gain electrons and are reduced.","At the cathode of an electrolytic cell, reduction occurs, so cations gain electrons to form neutral products (usually <del>metals</del><ins>hydrogen gas</ins> or hydrogen gas).","That's exactly right! During the electrolysis of water, hydrogen gas is produced at the cathode as cations gain electrons and are reduced.","{""is_correct"": true, ""bubble_color"": ""green"", ""score_percent"": 100}",NULL,NULL,True,"100","34.84457770265925","no",0,0,"0","100","0","medium","Topic 4: Chemical Reactions in Electrolysis","Science","open_ended","2025-11-20 12:34:27.034","2025-11-20 12:34:27.034"
725,1,947,371,94,1,"vivek","user","What products are formed at the cathode during the electrolysis of water?","i dont know","During the electrolysis of water, hydrogen gas (H₂) is produced at the cathode. This occurs because water is broken down into its components, and hydrogen ions gain electrons to form hydrogen gas.","<del>i dont know</del> <ins>Hydrogen gas (H₂) is formed at the cathode during the electrolysis of water.</ins>","During the electrolysis of water, hydrogen gas (H₂) is produced at the cathode. This occurs because water is broken down into its components, and hydrogen ions gain electrons to form hydrogen gas.","{""error_type"": ""No Answer Provided"", ""is_correct"": false, ""bubble_color"": ""red"", ""score_percent"": 10}","No Answer Provided",NULL,False,"10","20.70870442602302","no",0,0,"100","50","100","medium","Topic 4: Chemical Reactions in Electrolysis","Science","open_ended","2025-11-20 12:34:44.448","2025-11-20 12:34:44.448"
727,1,951,372,94,1,"vivek","user","What is one practical application of electrolysis in the industry?","i dont know","One practical application of electrolysis is in the production of chlorine gas and sodium hydroxide from seawater. This process is essential for water treatment and chemical manufacturing.","<del>i dont know</del> <ins>One practical application of electrolysis is in the production of chlorine gas and sodium hydroxide from seawater.</ins>","One practical application of electrolysis is in the production of chlorine gas and sodium hydroxide from seawater. This process is essential for water treatment and chemical manufacturing.","{""error_type"": ""No Answer Provided"", ""is_correct"": false, ""bubble_color"": ""red"", ""score_percent"": 10}","No Answer Provided",NULL,False,"10","46.049702898800646","no",0,0,"100","50","100","medium","Topic 4: Chemical Reactions in Electrolysis","Science","open_ended","2025-11-20 12:35:23.355","2025-11-20 12:35:23.355"
